Lessons,X11,X12,X21,X22,X31,X32,X41,X42,X51,X52,X61,X62,X71,X72,X81,X82,X91,X92,CLASS
Y001,1,0,0,1,1,0,0,1,0,1,1,0,0,1,1,0,1,0,1
Y002,0,1,0,1,1,0,0,1,0,1,1,0,0,1,1,0,1,0,1
Y003,1,0,1,0,0,1,1,0,1,0,0,1,1,0,0,1,0,1,0
Y004,1,0,0,1,0,1,1,0,1,0,0,1,1,0,0,1,0,1,0
Y005,0,1,0,1,1,0,0,1,0,1,1,0,0,1,0,1,1,0,1
Y006,0,1,0,1,1,0,1,0,1,0,1,0,0,1,1,0,0,1,1
Y007,0,1,0,1,0,1,0,1,0,1,1,0,1,0,1,0,0,1,1
Y008,1,0,1,0,0,1,1,0,1,0,0,1,1,0,1,0,0,1,0
Y009,1,0,1,0,0,1,1,0,1,0,0,1,1,0,0,1,0,1,0
Y010,1,0,1,0,0,1,1,0,0,1,1,0,1,0,0,1,0,1,0
Y011,1,0,1,0,0,1,0,1,1,0,1,0,0,1,1,0,1,0,0
Y012,0,1,0,1,1,0,0,1,1,0,0,1,0,1,1,0,1,0,1
Y013,1,0,0,1,0,1,1,0,0,1,1,0,0,1,1,0,0,1,1
Y014,1,0,1,0,0,1,0,1,0,1,0,1,1,0,0,1,0,1,0
Y015,0,1,0,1,1,0,0,1,1,0,0,1,0,1,0,1,1,0,1
Y016,0,1,0,1,1,0,0,1,0,1,1,0,0,1,1,0,1,0,1
Y018,1,0,1,0,0,1,1,0,1,0,1,0,1,0,0,1,1,0,0
Y019,1,0,0,1,0,1,1,0,0,1,0,1,1,0,0,1,0,1,0
Y020,1,0,0,1,0,1,1,0,1,0,1,0,0,1,1,0,0,1,1
Y021,1,0,0,1,0,1,0,1,1,0,1,0,1,0,0,1,0,1,0
Y022,1,0,0,1,1,0,1,0,1,0,1,0,0,1,0,1,0,1,1
Y023,0,1,0,1,1,0,0,1,0,1,0,1,0,1,1,0,0,1,1
Y025,0,1,1,0,1,0,0,1,0,1,1,0,1,0,1,0,0,1,1
Y026,0,1,0,1,1,0,0,1,0,1,1,0,1,0,1,0,0,1,1
Y027,1,0,0,1,0,1,0,1,1,0,0,1,1,0,1,0,1,0,0
Y028,1,0,1,0,0,1,1,0,1,0,0,1,1,0,1,0,1,0,0
Y029,0,1,1,0,1,0,0,1,0,1,1,0,1,0,1,0,0,1,1
Y030,0,1,1,0,1,0,0,1,0,1,1,0,0,1,0,1,1,0,1
Y031,0,1,0,1,1,0,0,1,0,1,1,0,0,1,0,1,1,0,1
Y032,0,1,0,1,1,0,0,1,0,1,1,0,0,1,0,1,1,0,1
Y033,0,1,0,1,1,0,1,0,0,1,0,1,1,0,0,1,1,0,1
Y034,1,0,1,0,0,1,0,1,1,0,0,1,1,0,1,0,0,1,0
Y035,1,0,1,0,0,1,1,0,1,0,0,1,1,0,1,0,0,1,0
Y036,1,0,1,0,0,1,1,0,1,0,0,1,1,0,1,0,0,1,0
Y037,1,0,0,1,1,0,0,1,0,1,1,0,0,1,0,1,1,0,1
Y038,0,1,0,1,1,0,0,1,0,1,1,0,0,1,1,0,0,1,1
Y039,0,1,1,0,0,1,1,0,0,1,1,0,0,1,0,1,1,0,1
Y040,1,0,0,1,0,1,0,1,1,0,0,1,1,0,1,0,0,1,0
Y041,1,0,1,0,1,0,1,0,0,1,1,0,0,1,0,1,1,0,1
Y042,0,1,0,1,1,0,0,1,1,0,0,1,0,1,0,1,0,1,1
Y043,0,1,0,1,1,0,0,1,0,1,1,0,0,1,1,0,0,1,1
Y044,0,1,1,0,1,0,0,1,1,0,0,1,0,1,0,1,1,0,1
Y045,1,0,1,0,0,1,0,1,1,0,1,0,1,0,1,0,0,1,0
Y046,1,0,0,1,0,1,1,0,0,1,0,1,1,0,1,0,0,1,0
Y047,1,0,1,0,0,1,1,0,1,0,0,1,1,0,1,0,0,1,0
Y048,0,1,1,0,0,1,1,0,0,1,1,0,0,1,0,0,0,1,0
Y049,1,0,0,1,1,0,0,1,0,1,0,1,1,0,1,0,0,1,0
Y050,0,1,0,1,0,1,0,1,0,1,1,0,0,1,0,1,1,0,1
Y051,1,0,1,0,1,0,0,1,1,0,0,1,1,0,1,0,0,1,0
Y052,1,0,1,0,1,0,1,0,1,0,0,1,1,0,1,0,0,1,0
Y053,0,1,0,1,1,0,0,1,0,1,1,0,0,1,0,1,1,0,1
Y054,1,0,0,1,0,1,0,1,0,1,1,0,0,1,0,1,1,0,1
Y055,0,1,1,0,1,0,0,1,0,1,0,1,0,1,1,0,1,0,1
Y056,0,1,1,0,1,0,0,1,0,1,1,0,1,0,1,0,1,0,1
Y057,0,1,0,1,1,0,0,1,1,0,1,0,0,1,0,1,1,0,1
Y058,0,1,1,0,0,1,1,0,0,1,0,1,1,0,1,0,0,1,0
Y059,1,0,1,0,0,1,1,0,1,0,0,1,1,0,1,0,0,1,0
Y060,1,0,0,1,0,1,1,0,0,1,0,1,1,0,1,0,0,1,0
Y061,1,0,0,1,1,0,0,1,0,1,0,1,1,0,1,0,0,1,0
Y062,1,0,1,0,0,1,1,0,1,0,0,1,1,0,0,1,0,1,0
Y063,1,0,1,0,0,1,1,0,1,0,0,1,1,0,0,1,1,0,0
Y064,1,0,1,0,0,1,1,0,0,1,1,0,1,0,0,1,1,0,0
Y065,1,0,0,1,0,1,0,1,1,0,0,1,1,0,1,0,0,1,0
Y066,0,1,0,1,1,0,1,0,0,1,0,1,1,0,0,1,0,1,1
Y067,0,1,1,0,1,0,1,0,0,1,1,0,0,1,1,0,1,0,1
Y068,0,1,1,0,0,1,0,1,1,0,0,1,1,0,1,0,0,1,0
Y069,1,0,1,0,0,1,0,1,1,0,0,1,1,0,1,0,0,1,0
Y070,1,0,0,1,0,1,0,1,1,0,0,1,1,0,0,1,0,1,0
Y071,0,1,0,1,1,0,1,0,0,1,1,0,0,1,1,0,1,0,1
Y072,0,1,1,0,1,0,1,0,0,1,1,0,0,1,1,0,1,0,1
Y073,1,0,0,1,0,1,0,1,1,0,0,1,1,0,1,0,0,1,0
Y074,1,0,0,1,0,1,0,1,1,0,0,1,1,0,1,0,0,1,0
Y075,1,0,0,1,0,1,0,1,1,0,0,1,1,0,1,0,0,1,0
Y076,1,0,1,0,0,1,0,1,1,0,0,1,1,0,1,0,0,1,0
Y077,1,0,1,0,0,1,0,1,1,0,0,1,1,0,1,0,0,1,0
Y078,0,1,1,0,1,0,1,0,0,1,1,0,0,1,1,0,1,0,1
Y079,0,1,0,1,1,0,1,0,1,0,1,0,0,1,1,0,0,1,1
Y080,0,1,0,1,0,1,1,0,0,1,0,1,1,0,1,0,1,0,1
Y081,0,1,0,1,1,0,1,0,0,1,1,0,0,1,0,1,1,0,1
Y083,1,0,0,1,1,0,1,0,0,1,1,0,0,1,0,1,0,1,1
Y084,1,0,0,1,1,0,1,0,0,1,0,1,0,1,1,0,1,0,1
Y085,0,1,0,1,0,1,0,1,1,0,1,0,1,0,1,0,0,1,0
Y086,1,0,1,0,0,1,0,1,1,0,0,1,1,0,1,0,0,1,0
Y087,1,0,1,0,0,1,0,1,1,0,0,1,1,0,1,0,0,1,0
Y088,1,0,0,1,1,0,1,0,0,1,0,1,0,1,1,0,1,0,1
Y089,0,1,0,1,1,0,1,0,1,0,1,0,1,0,1,0,1,0,1
Y090,1,0,0,1,1,0,1,0,0,1,1,0,0,1,0,1,1,0,1
Y091,1,0,1,0,0,1,0,1,1,0,0,1,1,0,1,0,0,1,0
Y092,1,0,1,0,0,1,0,1,1,0,0,1,1,0,1,0,0,1,0
Y093,1,0,0,1,0,1,0,1,0,1,0,1,1,0,1,0,0,1,0
Y095,0,1,1,0,0,1,1,0,1,0,1,0,0,1,1,0,0,1,1
Y096,0,1,1,0,0,1,1,0,1,0,1,0,0,1,0,1,0,1,1
Y097,0,1,1,0,0,1,1,0,1,0,1,0,0,1,0,1,1,0,1
Y098,0,1,0,1,1,0,0,1,0,1,0,1,0,1,0,1,0,1,1
Y099,1,0,0,1,1,0,0,1,0,1,0,1,1,0,1,0,0,1,0
Y100,1,0,1,0,0,1,0,1,1,0,0,1,1,0,1,0,0,1,0
Y101,1,0,1,0,0,1,0,1,1,0,0,1,1,0,1,0,0,1,0
Y102,1,0,1,0,0,1,0,1,1,0,0,1,1,0,1,0,0,1,0
Y103,1,0,1,0,1,0,0,1,1,0,0,1,1,0,1,0,0,1,0
Y104,0,1,0,1,0,1,1,0,0,1,1,0,1,0,0,1,1,0,1
Y105,0,1,0,1,1,0,1,0,0,1,1,0,0,1,0,1,1,0,1
Y106,1,0,1,0,1,0,1,0,0,1,1,0,0,1,0,1,1,0,1
Y107,1,0,1,0,1,0,1,0,1,0,0,1,0,1,1,0,1,0,0
Y109,1,0,1,0,0,1,1,0,1,0,0,1,0,1,0,1,1,1,1
Y110,1,0,1,0,0,1,0,1,0,1,0,1,0,1,0,1,1,1,1
Y111,0,1,0,1,1,0,0,1,0,1,1,0,0,1,0,1,0,1,1
Y112,0,1,1,0,1,0,0,1,1,0,0,1,0,1,0,1,0,1,1
Y113,1,0,1,0,0,1,0,1,1,0,1,0,1,0,1,0,1,0,0
Y114,0,1,0,1,1,0,1,0,0,1,0,1,0,1,1,0,0,1,0
Y115,0,1,1,0,1,0,1,0,1,0,1,0,0,1,1,0,1,0,0
Y116,1,0,1,0,1,0,0,1,0,1,0,1,0,1,1,0,1,0,0
Y117,1,0,1,0,0,1,0,1,1,0,0,1,0,1,0,1,0,1,0
Y118,1,0,1,0,1,0,1,0,1,0,1,0,0,1,1,0,0,1,1
Y120,0,1,0,1,1,0,1,0,0,1,1,0,1,0,0,1,0,1,1
Y122,0,1,1,0,0,1,1,0,1,0,0,1,0,1,1,0,1,0,1
Y123,0,1,1,0,1,0,0,1,1,0,0,1,1,0,1,0,0,1,0
Y125,1,0,0,1,0,1,0,1,0,1,0,1,0,1,1,0,1,0,0
Y126,1,0,1,0,1,0,0,1,1,0,1,0,1,0,1,0,0,1,0
Y127,1,0,1,0,1,0,0,1,0,1,0,1,0,1,1,0,1,0,0
Y128,1,0,1,0,1,0,0,1,0,1,0,1,0,1,1,0,0,1,0
Y129,0,1,0,1,1,0,0,1,0,1,1,0,1,0,1,0,1,0,1
Y130,1,0,0,1,0,1,0,1,1,0,0,1,1,0,1,0,0,1,0
Y131,1,0,1,0,0,1,1,0,1,0,0,1,1,0,0,1,1,0,0
Y132,1,0,0,1,1,0,1,0,1,0,1,0,1,0,1,0,0,1,1
Y133,0,1,1,0,0,1,1,0,0,1,1,0,1,0,1,0,1,0,1
Y134,1,0,1,0,0,1,1,0,0,1,0,1,0,1,1,0,0,1,0
Y135,1,0,1,0,1,0,1,0,1,0,0,1,1,0,0,1,1,0,0
Y136,1,0,1,0,0,1,1,0,0,1,0,1,0,1,0,1,1,0,0
Y137,1,0,0,1,0,1,1,0,1,0,0,1,0,1,0,1,1,0,1
Y138,1,0,0,1,0,1,0,1,1,0,0,1,1,0,1,0,0,1,0
Y139,0,1,0,1,1,0,0,1,1,0,0,1,1,0,0,1,0,1,1
Y140,1,0,0,1,1,0,1,0,1,0,0,1,0,1,0,1,0,1,1
Y141,0,1,0,1,1,0,0,1,0,1,1,0,0,1,1,0,1,0,1
Y142,0,1,1,0,1,0,0,1,0,1,1,0,0,1,1,0,0,1,1
Y143,1,0,1,0,1,0,1,0,1,0,0,1,1,0,0,1,0,1,0
Y144,1,0,1,0,0,1,0,1,1,0,0,1,1,0,0,1,0,1,0
Y145,0,1,0,1,1,0,0,1,1,0,1,0,0,1,1,0,1,0,1
Y146,0,1,0,1,1,0,1,0,1,0,0,1,0,1,1,0,0,1,1
Y147,0,1,0,1,0,1,0,1,0,1,1,0,0,1,1,0,0,1,1
Y148,1,0,1,0,0,1,0,1,0,1,0,1,1,0,0,1,0,1,0
Y149,1,0,1,0,0,1,1,0,1,0,0,1,1,0,0,1,1,0,0
Y150,1,0,1,0,0,1,1,0,0,1,1,0,1,0,0,1,1,0,0
Y151,1,0,1,0,0,1,1,0,1,0,0,1,0,1,0,1,1,0,0
Y153,1,0,0,1,0,1,1,0,0,1,0,1,0,1,1,0,0,1,1
Y154,1,0,1,0,0,1,0,1,1,0,0,1,1,0,0,1,0,1,0
Y155,0,1,0,1,1,0,1,0,1,0,0,1,0,1,0,1,1,0,1
Y156,0,1,0,1,0,1,0,1,0,1,1,0,0,1,1,0,1,0,1
Y157,0,1,0,1,1,0,1,0,0,1,0,1,1,0,0,1,0,1,1
Y158,1,0,1,0,1,0,0,1,1,0,0,1,1,0,1,0,0,1,0
Y159,1,0,0,1,1,0,1,0,1,0,1,0,0,1,1,0,0,1,1
Y160,1,0,0,1,0,1,1,0,1,0,1,0,1,0,0,1,0,1,0
Y161,0,1,0,1,1,0,0,1,0,1,1,0,0,1,1,0,0,1,1
Y162,1,0,0,1,0,1,1,0,1,0,0,1,1,0,0,1,0,1,0
Y163,0,1,1,0,1,0,0,1,0,1,1,0,1,0,0,1,0,1,1
Y164,1,0,1,0,1,0,1,0,1,0,0,1,1,0,1,0,1,0,0
Y165,1,0,1,0,1,0,0,1,0,1,1,0,0,1,1,0,1,0,0
Y166,0,1,1,0,1,0,0,1,0,1,1,0,0,1,1,0,0,1,1
Y167,0,1,1,0,0,1,0,1,1,0,0,1,1,0,0,1,0,1,0
Y168,0,1,1,0,0,1,1,0,1,0,1,0,1,0,1,0,0,1,0
Y169,1,0,0,1,1,0,0,1,1,0,0,1,1,0,1,0,0,1,0
Y170,0,1,0,1,0,1,1,0,0,1,0,1,1,0,0,1,1,0,1
Y171,1,0,0,1,0,1,0,1,1,0,0,1,1,0,1,0,0,1,0
Y172,0,1,1,0,0,1,1,0,1,0,0,1,1,0,1,0,0,1,0
Y173,0,1,1,0,0,1,1,0,1,0,0,1,1,0,1,0,0,1,0
Y174,1,0,1,0,1,0,1,0,0,1,1,0,0,1,0,1,1,0,1
Y175,0,1,0,1,0,1,0,1,0,1,1,0,0,1,1,0,0,1,1
Y176,1,0,1,0,0,1,1,0,1,0,0,1,1,0,1,0,1,0,0
Y177,1,0,1,0,0,1,1,0,0,1,0,1,1,0,1,0,1,0,0
Y178,0,1,0,1,0,1,0,1,0,1,0,1,0,1,0,1,0,1,1
Y179,0,1,0,1,1,0,0,1,1,0,0,1,1,0,0,1,0,1,1
Y180,0,1,0,1,1,0,0,1,0,1,1,0,0,1,0,1,0,1,1
Y181,0,1,0,1,1,0,0,1,0,1,1,0,0,1,1,0,0,1,1
Y182,1,0,1,0,0,1,0,1,1,0,1,0,1,0,1,0,1,0,0
Y183,1,0,0,1,0,1,1,0,1,0,0,1,1,0,0,1,0,1,0
Y184,1,0,1,0,0,1,1,0,1,0,0,1,0,1,1,0,0,1,0
Y185,0,1,1,0,0,1,1,0,1,0,1,0,1,0,0,1,0,1,0
Y186,1,0,0,1,1,0,0,1,1,0,0,1,1,0,1,0,0,1,0
Y187,0,1,0,1,0,1,1,0,0,1,1,0,0,1,0,1,1,0,1
Y188,1,0,1,0,0,1,0,1,1,0,0,1,1,0,1,0,0,1,0
Y189,1,0,0,1,1,0,1,0,1,0,1,0,1,0,1,0,0,1,0
Y190,1,0,0,1,1,0,0,1,0,1,1,0,0,1,0,1,1,0,1
Y191,0,1,0,1,0,1,0,1,0,1,1,0,0,1,0,1,1,0,1
Y192,0,1,0,1,1,0,0,1,0,1,0,1,0,1,1,0,1,0,1
Y193,0,1,1,0,0,1,0,1,0,1,1,0,1,0,1,0,1,0,0
Y194,0,1,0,1,1,0,1,0,1,0,1,0,0,1,0,1,1,0,1
Y195,0,1,1,0,0,1,1,0,1,0,0,1,1,0,1,0,0,1,0
Y196,1,0,1,0,0,1,1,0,1,0,1,0,1,0,1,0,0,1,0
Y197,1,0,0,1,0,1,1,0,0,1,0,1,0,1,1,0,0,1,1
Y198,1,0,0,1,1,0,1,0,1,0,0,1,1,0,0,1,0,1,0
Y199,0,1,1,0,0,1,1,0,0,1,1,0,0,1,0,1,0,1,1
Y200,1,0,0,1,0,1,0,1,1,0,0,1,1,0,1,0,1,0,0
Y201,1,0,1,0,1,0,1,0,0,1,1,0,0,1,1,0,1,0,1
Y202,1,0,0,1,0,1,0,1,1,0,0,1,0,1,1,0,0,1,0
Y203,0,1,0,1,1,0,1,0,0,1,1,0,1,0,0,1,0,1,1
Y204,0,1,1,0,1,0,1,0,1,0,1,0,0,1,1,0,1,0,1
Y205,0,1,1,0,0,1,1,0,1,0,0,1,1,0,1,0,0,1,0
Y206,1,0,1,0,0,1,1,0,1,0,0,1,1,0,0,1,1,0,0
Y207,1,0,1,0,0,1,1,0,0,1,1,0,1,0,0,1,1,0,0
Y208,1,0,0,1,1,0,1,0,0,1,1,0,0,1,1,0,1,0,1
Y209,1,0,1,0,1,0,1,0,0,1,1,0,0,1,1,0,1,0,1
Y210,1,0,0,1,0,1,0,1,1,0,0,1,1,0,1,0,0,1,0
Y211,1,0,0,1,1,0,0,1,1,0,0,1,1,0,1,0,1,0,0
Y212,0,1,1,0,0,1,0,1,1,0,0,1,1,0,1,0,0,1,0
Y213,1,0,1,0,0,1,0,1,0,1,0,1,1,0,1,0,0,1,0
Y214,1,0,1,0,0,1,0,1,1,0,1,0,1,0,1,0,0,1,0
Y215,0,1,1,0,1,0,1,0,0,1,1,0,0,1,0,1,0,1,1
Y216,0,1,0,1,1,0,1,0,1,0,1,0,0,1,0,1,0,1,1
Y217,0,1,0,1,0,1,1,0,0,1,0,1,1,0,1,0,0,1,1
Y218,0,1,0,1,1,0,1,0,0,1,1,0,0,1,0,1,1,0,1
Y219,0,1,1,0,1,0,0,1,0,1,0,1,0,1,0,1,0,1,1
Y220,1,0,0,1,1,0,1,0,0,1,1,0,0,1,1,0,1,0,1
Y221,1,0,0,1,1,0,1,0,0,1,1,0,0,1,1,0,1,0,1
Y222,1,0,1,0,0,1,1,0,0,1,1,0,1,0,1,0,0,1,0
Y223,1,0,1,0,0,1,1,0,0,1,1,0,1,0,1,0,0,1,0
Y224,1,0,1,0,1,0,1,0,0,1,0,1,0,1,1,0,1,0,1
Y225,1,0,0,1,1,0,1,0,1,0,1,0,1,0,0,1,0,1,1
Y226,0,1,0,1,1,0,1,0,0,1,1,0,0,1,0,1,1,0,1
Y227,1,0,0,1,0,1,0,1,1,0,0,1,1,0,1,0,0,1,0
Y228,1,0,1,0,1,0,0,1,1,0,1,0,1,0,0,1,0,1,0
Y229,1,0,0,1,1,0,0,1,1,0,1,0,1,1,0,1,0,1,0
Y230,0,1,0,1,1,0,0,1,1,0,0,1,1,0,0,1,0,1,1
Y231,0,1,1,0,0,1,0,1,0,1,1,0,1,0,1,1,0,1,1
Y232,0,1,0,1,0,1,0,1,0,1,0,1,0,1,0,1,1,0,1
Y233,0,1,1,0,0,1,1,0,1,0,1,0,0,1,1,0,1,0,1
Y234,0,1,0,1,1,0,0,1,0,1,0,1,0,1,0,1,1,0,1
Y235,1,0,0,1,1,0,0,1,0,1,1,0,1,1,0,1,1,0,0
Y236,1,0,1,0,0,1,0,1,1,0,0,1,1,0,1,0,0,1,0
Y237,1,0,1,0,0,1,0,1,1,0,0,1,1,0,1,0,0,1,0
Y238,1,0,1,0,0,1,0,1,1,0,0,1,1,0,1,0,0,1,0
Y239,1,0,1,0,0,1,0,1,0,1,0,1,1,0,1,0,0,1,0
Y240,0,1,0,1,0,1,0,1,1,0,1,0,0,1,0,1,1,0,1
Y241,0,1,0,1,1,0,0,1,1,0,0,1,0,1,1,0,1,0,1
Y242,1,0,0,1,1,0,1,0,0,1,1,0,0,1,0,1,1,0,1
Y243,0,1,1,0,1,0,1,0,1,0,1,0,1,0,1,0,1,0,1
Y244,1,0,1,0,0,1,0,1,0,1,1,0,0,1,1,0,1,0,0
Y245,1,0,0,1,0,1,1,0,1,0,0,1,0,1,0,1,0,1,1
Y246,1,0,1,0,1,0,1,0,0,1,0,1,0,1,0,1,0,1,1
Y247,0,1,0,1,1,0,1,0,0,1,1,0,0,1,0,1,0,1,1
Y248,0,1,0,1,1,0,0,1,1,0,1,0,0,1,0,1,0,1,1
Y249,1,0,1,0,0,1,0,1,0,1,0,1,0,1,1,0,1,0,0
Y250,1,0,0,1,1,0,0,1,0,1,0,1,0,1,0,1,0,1,1
Y251,0,1,1,0,1,0,1,0,1,0,1,0,0,1,1,0,1,0,0
Y252,1,0,1,0,1,0,1,0,0,1,0,1,0,1,0,1,0,1,0
Y253,1,0,1,0,0,1,0,1,1,0,0,1,0,1,0,1,1,0,1
Y254,1,0,1,0,1,0,1,0,1,0,0,1,0,1,0,1,0,1,1
Y255,0,1,0,1,0,1,1,0,0,1,1,0,0,1,0,1,1,0,1
Y256,0,1,0,1,1,0,1,0,0,1,0,1,1,0,0,1,0,1,1
Y257,1,0,1,0,0,1,0,1,1,0,0,1,1,0,0,1,1,0,0
Y258,0,1,1,0,0,1,0,1,1,0,0,1,1,0,1,0,0,1,0
Y259,0,1,0,1,1,0,0,1,1,0,1,0,0,1,0,1,1,0,1
Y260,0,1,1,0,1,0,0,1,1,0,1,0,1,0,1,0,0,1,0
Y261,0,1,0,1,1,0,0,1,0,1,1,0,0,1,1,0,1,0,1
Y262,1,0,1,0,0,1,0,1,0,1,0,1,1,0,1,0,0,1,0
Y263,1,0,1,0,1,0,0,1,0,1,0,1,1,0,1,0,0,1,0
Y264,0,1,0,1,1,0,0,1,1,0,1,0,1,0,0,1,1,0,1
Y265,0,1,1,0,0,1,1,0,1,0,1,0,1,0,0,1,0,1,1
Y266,1,0,0,1,1,0,1,0,1,0,0,1,1,0,1,0,0,1,1
Y267,0,1,1,0,0,1,1,0,0,1,1,0,0,1,0,1,1,0,1
Y268,1,0,1,0,0,1,1,0,0,1,0,1,0,1,1,0,0,1,0
Y269,1,0,1,0,0,1,1,0,1,0,0,1,0,1,1,0,0,1,1
Y270,0,1,1,0,0,1,1,0,1,0,1,0,1,0,1,0,0,1,0
Y271,1,0,0,1,1,0,0,1,1,0,0,1,1,0,1,0,0,1,0
Y272,1,0,0,1,0,1,0,1,1,0,0,1,0,1,1,0,0,1,0
Y273,1,0,1,0,0,1,1,0,1,0,0,1,1,0,0,1,1,0,0
Y274,1,0,0,1,1,0,0,1,1,0,0,1,0,1,0,1,0,1,1
Y275,0,1,0,1,1,0,1,0,1,0,1,0,1,0,0,1,0,1,0
Y276,0,1,0,1,1,0,0,1,1,0,1,0,0,1,0,1,1,0,1
Y277,1,0,1,0,1,0,0,1,0,1,0,1,1,0,0,1,0,1,0
Y278,0,1,0,1,1,0,1,0,1,0,0,1,0,1,0,1,1,0,1
Y279,0,1,0,1,1,0,0,1,1,0,1,0,0,1,1,0,1,0,1
Y280,0,1,1,0,0,1,0,1,0,1,1,0,1,0,1,0,1,0,0
Y281,1,0,1,0,0,1,1,0,1,0,0,1,0,1,1,0,0,1,0
Y282,1,0,0,1,0,1,1,0,1,0,1,0,0,1,1,0,1,0,1
Y283,1,0,0,1,0,1,0,1,0,1,0,1,0,1,0,1,0,1,0
Y284,0,1,1,0,1,0,0,1,1,0,1,0,0,1,0,1,0,1,0
Y285,0,1,0,1,1,0,0,1,0,1,0,1,0,1,1,0,1,0,1
Y286,1,0,0,1,0,1,1,0,0,1,0,1,0,1,1,0,0,1,0
Y287,0,1,1,0,0,1,0,1,1,0,0,1,1,0,0,1,0,1,1
Y288,0,1,0,1,1,0,0,1,0,1,1,0,1,0,1,0,0,1,1
Y289,0,1,1,0,0,1,0,1,1,0,0,1,1,0,0,1,0,1,0
Y290,1,0,1,0,1,0,1,0,0,1,1,0,1,0,1,0,0,1,0
Y291,0,1,0,1,1,0,0,1,1,0,1,0,0,1,0,1,1,0,1
Y292,0,1,0,1,1,0,1,0,1,0,1,0,0,1,0,1,0,1,1
Y293,1,0,0,1,1,0,1,0,0,1,1,0,0,1,0,1,1,0,1
Y294,0,1,0,1,1,0,0,1,0,1,1,0,0,1,1,0,1,0,1
Y295,0,1,0,1,0,1,0,1,1,0,1,0,1,0,1,0,1,0,1
Y296,0,1,1,0,1,0,0,1,0,1,0,1,1,0,0,1,1,0,1
Y297,1,0,1,0,0,1,1,0,0,1,0,1,1,0,1,0,0,1,0
Y298,0,1,0,1,1,0,1,0,1,0,1,0,1,0,0,1,0,1,1
Y299,1,0,1,0,1,0,1,0,0,1,1,0,0,1,0,1,1,0,0
Y300,0,1,1,0,0,1,1,0,1,0,0,1,1,0,0,1,0,1,0
Y301,1,0,1,0,1,0,0,1,0,1,1,0,1,0,0,1,0,1,1
Y302,1,0,1,0,0,1,0,1,0,1,0,1,0,1,1,0,1,0,0
Y303,0,1,0,1,1,0,0,1,1,0,0,1,0,1,0,1,0,1,1
Y304,1,0,1,0,0,1,1,0,0,1,1,0,1,0,1,0,1,0,1
Y305,0,1,0,1,1,0,0,1,0,1,0,1,0,1,0,1,1,0,1
Y306,0,1,0,1,0,1,0,1,0,1,1,0,0,1,1,0,1,0,1
Y307,1,0,0,1,1,0,0,1,0,1,1,0,1,0,1,0,1,0,0
Y308,1,0,1,0,1,0,1,0,1,0,1,0,0,1,0,1,1,0,0
Y309,1,0,0,1,0,1,1,0,1,0,0,1,1,0,0,1,1,1,1
Y310,1,0,0,1,0,1,1,0,1,0,1,0,1,0,1,0,0,1,0
Y311,1,0,0,1,0,1,0,1,1,0,1,0,0,1,1,0,1,0,0
Y312,0,1,0,1,1,0,0,1,0,1,0,1,0,1,0,1,1,0,1
Y313,0,1,0,1,1,0,0,1,1,0,0,1,0,1,1,0,0,1,1
Y314,1,0,1,0,1,0,0,1,1,0,1,0,1,0,1,0,0,1,0
Y315,1,0,1,0,0,1,0,1,0,1,1,0,1,0,1,0,0,1,1
Y316,0,1,0,1,0,1,0,1,0,1,1,0,1,0,1,0,0,1,1
Y317,1,0,0,1,0,1,0,1,0,1,0,1,0,1,0,1,1,0,0
Y318,1,0,1,0,0,1,0,1,0,1,0,1,0,1,0,1,0,1,0
Y319,0,1,1,0,1,0,0,1,0,1,1,0,1,0,1,0,1,0,1
Y320,0,1,1,0,0,1,0,1,0,1,0,1,1,0,0,1,0,1,0
Y321,0,1,0,1,1,0,0,1,1,0,1,0,0,1,0,1,1,0,1
Y322,0,0,1,0,1,0,1,0,0,1,1,0,1,0,1,0,1,0,1
Y323,1,0,1,0,1,0,0,1,1,0,0,1,1,0,1,0,0,1,0
Y324,1,0,1,0,0,1,1,0,0,1,0,1,0,1,0,1,0,1,0
Y325,1,0,1,0,1,0,0,1,1,0,0,1,1,0,0,1,0,1,0
Y326,1,0,0,1,1,0,1,0,0,1,0,1,0,1,0,1,1,0,1
Y327,0,1,0,1,1,0,0,1,0,1,1,0,1,0,1,0,0,1,1
Y328,0,1,1,0,0,1,0,1,1,0,0,1,1,0,1,1,0,0,1
Y329,1,0,0,1,0,1,0,1,1,0,0,1,1,0,0,1,0,1,0
Y330,1,0,1,0,1,0,1,0,0,1,1,0,0,1,1,0,1,0,1
Y331,0,1,0,1,1,0,0,1,1,0,0,1,0,1,0,1,1,0,1
Y332,0,1,0,1,1,0,0,1,0,1,0,1,0,1,0,1,1,0,1
Y333,0,1,1,0,1,0,1,0,1,0,0,1,0,1,0,1,1,0,1
Y334,1,0,1,0,0,1,1,0,1,0,1,0,1,0,0,1,0,1,0
Y335,1,0,0,1,1,0,0,1,1,0,0,1,0,1,1,0,0,1,0
Y336,1,0,1,0,0,1,1,0,1,0,1,0,1,0,0,1,0,1,0
Y337,0,1,1,0,0,1,1,0,0,1,0,1,1,0,0,1,0,1,0
Y338,1,0,1,0,0,1,0,1,1,0,0,1,0,1,1,0,0,1,1
Y339,0,1,0,1,1,0,0,1,0,1,1,0,0,1,0,1,1,0,1
Y340,0,1,0,1,0,1,0,1,0,1,0,1,1,0,1,0,1,0,1
Y341,0,1,0,1,1,0,1,0,0,1,1,0,0,1,0,1,1,0,1
Y342,1,0,0,1,0,1,0,1,1,0,1,0,0,1,0,1,1,0,1
Y343,0,1,1,0,1,0,0,1,0,1,1,0,0,1,1,0,1,0,1
Y344,0,1,1,0,1,0,0,1,0,1,1,0,0,1,1,0,1,0,1
Y345,0,1,0,1,1,0,0,1,1,0,1,0,0,1,1,0,1,0,1
Y346,0,1,1,0,0,1,1,0,0,1,0,1,0,1,0,1,0,1,0
Y347,0,1,0,1,1,0,1,0,0,1,1,0,1,0,1,0,1,0,1
Y348,1,0,0,1,1,0,0,1,0,1,0,1,0,1,0,1,1,0,1
Y349,0,1,0,1,1,0,0,1,0,1,0,1,1,0,1,0,0,1,1
Y350,1,0,1,0,1,0,1,0,1,0,0,1,1,0,0,1,0,1,0
Y351,1,0,1,0,1,0,1,0,1,0,0,1,1,0,0,1,1,0,0
Y352,1,0,1,0,0,1,0,1,0,1,1,0,1,0,0,1,1,0,0
Y353,1,0,0,1,0,1,0,1,0,1,0,1,1,0,1,0,0,1,0
Y354,0,1,0,1,1,0,1,0,0,1,1,0,1,0,0,1,0,1,1
Y355,0,1,1,0,1,0,1,0,0,1,1,0,1,0,1,0,1,0,1
Y356,0,1,1,0,0,1,0,1,1,0,0,1,1,0,0,1,0,1,0
Y357,1,0,1,0,0,1,0,1,1,0,0,1,1,0,0,1,0,1,0
Y358,1,0,0,1,0,1,0,1,1,0,0,1,1,0,1,0,0,1,0
Y359,0,1,1,0,1,0,0,1,1,0,0,1,0,1,1,0,1,0,1
Y360,1,0,0,1,0,1,0,1,0,1,1,0,0,1,1,0,1,0,0
Y361,1,0,0,1,0,1,0,1,0,1,0,1,1,0,1,0,0,1,0
Y362,1,0,0,1,0,1,1,0,1,0,0,1,1,0,1,0,0,1,0
Y363,1,0,0,1,1,0,0,1,1,0,0,1,1,0,1,0,0,1,0
Y364,1,0,0,1,0,1,0,1,1,0,0,1,1,0,1,0,0,1,0
Y365,0,1,0,1,1,0,1,0,0,1,1,0,0,1,1,0,1,0,1
Y366,0,1,0,1,0,1,1,0,1,0,0,1,0,1,1,0,0,1,1
Y367,0,1,0,1,0,1,0,1,0,1,0,1,1,0,1,0,1,0,1
Y368,0,1,0,1,1,0,1,0,1,0,1,0,0,1,0,1,1,0,1
Y369,0,1,1,0,0,1,1,0,1,0,1,0,1,0,1,0,1,0,1
Y370,1,0,0,1,1,0,1,0,0,1,1,0,1,0,0,1,0,1,1
Y371,0,1,0,1,0,1,0,1,1,0,1,0,1,0,1,0,1,0,0
Y372,1,0,1,0,0,1,0,1,1,0,0,1,1,0,0,1,0,1,0
Y373,1,0,1,0,0,1,0,1,1,0,0,1,1,0,1,0,0,1,0
Y374,1,0,0,1,1,0,1,0,0,1,1,0,0,1,1,0,1,0,1
Y375,0,1,1,0,1,0,1,0,0,1,0,1,1,0,0,1,0,1,0
Y376,0,1,0,1,1,0,1,0,0,1,1,0,0,1,0,1,1,0,1
Y377,1,0,1,0,0,1,0,1,1,0,0,1,1,0,0,1,0,1,0
Y378,1,0,1,0,0,1,0,1,1,0,0,1,0,1,1,0,0,1,1
Y379,1,0,0,1,0,1,0,1,0,1,0,1,0,1,0,0,1,1,0
Y380,1,0,1,0,0,1,1,0,1,0,1,0,1,0,0,1,1,0,0
Y381,1,0,1,0,0,1,1,0,1,0,1,0,1,0,1,0,0,1,0
Y382,0,1,1,0,0,1,0,1,0,1,0,1,0,1,0,1,0,1,1
Y383,0,1,0,1,0,1,1,0,1,0,1,0,1,0,1,1,0,1,1
Y384,1,0,0,1,1,0,0,1,0,1,0,1,0,1,0,1,1,0,1
Y385,1,0,1,0,1,0,0,1,1,0,0,1,0,1,0,1,0,1,0
Y386,1,0,0,1,0,1,1,0,1,0,1,0,1,0,1,0,0,1,0
Y387,1,0,1,0,0,1,0,1,1,0,1,0,1,0,0,1,0,1,0
Y388,1,0,1,0,0,1,1,0,1,0,1,0,1,0,1,0,0,1,0
Y389,0,1,0,1,0,1,1,0,0,1,0,1,0,1,1,0,1,0,1
Y390,0,1,0,1,1,0,1,0,0,1,1,0,0,1,0,1,1,0,1
Y391,1,0,1,0,1,0,1,0,0,1,0,0,1,1,0,1,0,1,1
Y392,1,0,1,0,1,0,0,1,0,1,0,1,1,0,1,0,1,0,0
Y393,1,0,0,1,1,0,1,0,0,1,0,1,0,1,0,1,1,0,1
Y394,0,1,0,1,1,0,0,1,0,1,0,1,0,1,1,0,1,0,1
Y395,0,1,1,0,0,1,0,1,0,1,0,1,0,1,0,1,0,1,1
Y396,0,1,1,0,0,1,0,1,1,0,0,1,0,1,0,1,0,1,1
Y397,1,0,1,0,0,1,1,0,1,0,1,0,1,0,1,0,0,1,0
Y398,0,1,1,0,1,0,0,1,0,1,1,0,1,0,1,0,1,0,1
Y399,1,0,1,0,1,0,0,1,0,1,0,1,1,0,1,0,0,1,0
Y400,1,0,1,0,0,1,0,1,1,0,0,1,0,1,1,0,0,1,0
Y401,1,0,1,0,1,0,1,0,1,0,1,0,0,1,1,0,1,0,1
Y402,0,1,0,1,0,1,0,1,1,0,0,1,1,0,1,0,1,0,1
Y403,0,1,0,1,1,0,1,0,0,1,0,1,1,0,0,1,0,1,1
Y404,1,0,0,1,0,1,1,0,0,1,1,0,1,0,0,1,1,0,1
Y405,0,1,1,0,1,0,0,1,1,0,0,1,1,0,1,0,0,1,0
Y406,1,0,1,0,1,0,1,0,1,0,1,0,0,1,0,1,1,0,0
Y407,0,1,1,0,1,0,1,0,0,1,0,1,0,1,1,0,1,0,1
Y408,1,0,1,0,1,0,1,0,1,0,1,0,1,0,1,0,1,0,1
Y409,1,0,1,0,1,0,1,0,1,0,1,0,1,0,1,0,1,0,0
Y410,0,1,0,1,1,0,0,1,0,1,1,0,1,0,0,1,1,0,1
Y411,1,0,0,1,0,1,0,1,1,0,0,1,0,1,1,0,0,1,0
Y412,1,0,1,0,0,1,1,0,1,0,1,0,0,1,0,1,1,0,0
Y413,1,0,0,1,0,1,0,1,0,1,1,0,1,0,1,0,0,1,0
Y414,0,1,1,0,0,1,0,1,1,0,1,0,1,0,1,0,1,0,0
Y415,0,1,0,1,1,0,0,1,1,0,0,1,0,1,0,1,1,0,1
Y416,1,0,0,1,0,1,1,0,1,0,1,0,0,1,1,0,1,0,0
Y417,0,1,0,1,1,0,1,0,0,1,1,0,0,1,0,1,0,1,1
Y418,1,0,1,0,0,1,1,0,1,0,0,1,0,1,0,1,1,0,1
Y419,0,1,1,0,1,0,1,0,0,1,1,0,1,0,0,1,1,0,0
Y420,0,1,1,0,0,1,0,1,0,1,0,1,0,1,1,0,1,0,1
Y421,1,0,1,0,0,1,1,0,0,1,0,1,1,0,1,0,0,1,0
Y422,0,1,1,0,0,1,0,1,0,1,0,1,0,1,0,1,0,1,1
Y423,0,1,1,0,1,0,0,1,0,1,0,1,0,1,1,0,1,0,1
Y424,1,0,1,0,1,0,1,0,1,0,0,1,1,0,0,1,0,1,0
Y425,1,0,1,0,0,1,0,1,1,0,1,0,1,0,0,1,1,0,0
Y426,0,1,0,1,1,0,0,1,1,0,1,0,0,1,0,1,1,0,1
Y427,0,1,0,1,1,0,1,0,0,1,0,1,0,1,0,1,0,1,1
Y428,0,1,0,1,0,1,0,1,0,1,0,1,0,1,1,0,1,0,1
Y429,1,0,1,0,0,1,1,0,0,1,0,1,1,0,0,1,0,1,0
Y430,1,0,1,0,0,1,0,1,1,0,0,1,1,0,1,1,0,1,0
Y431,1,0,0,1,0,1,0,1,0,1,1,0,1,0,1,0,1,0,0
Y432,0,1,0,1,1,0,0,1,0,1,1,0,0,1,1,0,1,0,1
Y433,1,0,0,1,0,1,1,0,1,0,1,0,0,1,1,0,0,1,0
Y434,1,0,1,0,1,0,1,0,0,1,0,1,1,0,0,1,0,1,0
Y435,1,0,1,0,0,1,0,1,1,0,0,1,1,0,0,1,0,1,0
Y436,0,1,0,1,1,0,0,1,1,0,1,0,0,1,0,1,0,1,1
Y437,0,1,0,1,1,0,1,0,1,0,1,0,0,1,1,0,0,1,1
Y438,0,1,0,1,0,1,0,1,0,1,1,0,0,1,1,0,0,1,1
Y439,1,0,1,0,0,1,0,1,0,1,0,1,1,0,0,1,0,1,0
Y440,1,0,1,0,0,1,1,0,1,0,0,1,1,0,0,1,1,0,0
Y441,1,0,1,0,0,1,1,0,0,1,1,0,1,0,0,1,0,1,0
Y442,0,1,1,0,1,0,0,1,0,1,0,1,0,1,1,0,1,0,1
Y443,1,0,1,0,0,1,0,1,1,0,0,1,1,0,0,1,0,1,0
Y444,1,0,1,0,0,1,1,0,0,1,0,1,1,0,0,1,0,1,0
Y445,0,1,1,0,1,0,0,1,1,0,0,1,1,0,1,0,1,0,1
Y446,0,1,0,1,0,1,0,1,0,1,0,1,0,1,0,1,0,1,0
Y447,1,0,0,1,1,0,0,1,0,1,1,0,1,0,0,1,0,1,0
Y448,1,0,0,1,1,0,1,0,1,0,1,0,1,0,1,0,1,0,0
Y449,1,0,0,1,1,0,1,0,0,1,0,1,1,0,0,1,1,0,1
Y450,1,0,0,1,1,0,1,0,0,1,0,1,0,1,1,0,1,0,1
Y451,1,0,0,1,0,1,0,1,0,1,1,0,1,0,0,1,0,1,0
Y452,0,1,0,1,1,0,0,1,0,1,0,1,1,0,1,0,0,1,1
Y453,1,0,0,1,0,1,1,0,1,0,0,1,0,1,1,0,0,1,0
Y454,0,1,1,0,1,0,0,1,0,1,1,0,0,1,0,1,0,1,1
Y455,0,1,0,1,1,0,0,1,0,1,1,0,1,0,0,1,0,1,1
Y456,1,0,0,1,0,1,0,1,1,0,0,1,0,1,1,0,1,0,0
Y457,1,0,1,0,0,1,1,0,1,0,1,0,1,0,1,0,1,0,0
Y458,0,1,0,1,0,1,0,1,0,1,0,1,0,1,1,0,0,1,1
Y459,1,0,0,1,0,1,0,1,1,0,0,1,0,1,1,0,0,1,0
Y460,1,0,0,1,0,1,0,1,0,1,0,1,0,1,0,1,1,0,1
Y461,0,1,1,0,1,0,0,1,0,1,1,0,0,1,0,1,0,1,1
Y462,0,1,0,1,0,1,1,0,0,1,0,1,1,0,0,1,1,0,1
Y463,1,0,1,0,0,1,1,0,1,0,0,1,1,0,1,0,0,1,0
Y464,1,0,0,1,0,1,0,1,0,1,0,1,1,0,1,0,1,0,0
Y465,1,0,1,0,1,0,0,1,1,0,0,1,0,1,0,1,0,1,0
Y466,1,0,0,1,1,0,1,0,0,1,1,0,0,1,0,1,1,0,1
Y467,0,1,0,1,1,0,0,1,0,1,1,0,0,1,0,1,0,1,1
Y468,0,1,1,0,0,1,1,0,0,1,1,0,0,1,0,1,0,1,1
Y469,1,0,0,1,0,1,0,1,1,0,0,1,1,0,0,1,0,1,0
Y470,0,1,0,1,1,0,0,1,1,0,1,0,0,1,0,1,0,1,1
Y471,0,1,0,1,0,1,0,1,0,1,0,1,0,1,0,1,1,0,1
Y472,1,0,1,0,1,0,0,1,1,0,1,0,1,0,1,0,0,1,0
Y473,1,0,1,0,0,1,1,0,1,0,0,1,1,0,1,0,0,1,0
Y474,0,1,1,0,0,1,1,0,1,0,0,1,1,0,0,1,0,1,0
Y475,0,1,0,1,0,1,1,0,1,0,0,1,1,0,1,0,0,1,1
Y476,1,0,0,1,0,1,0,1,0,1,0,1,1,0,1,0,0,1,0
Y477,0,1,0,1,0,1,1,0,0,1,1,0,0,1,0,1,1,0,1
Y478,1,0,1,0,1,0,0,1,0,1,0,1,1,0,1,0,0,1,0
Y479,1,0,1,0,1,0,1,0,1,0,1,0,1,0,1,0,0,1,0
Y480,0,1,0,1,1,0,1,0,0,1,1,0,0,1,0,1,0,1,1
Y481,1,0,0,1,0,1,0,1,1,0,0,1,1,0,1,0,1,0,0
Y482,0,1,1,0,1,0,0,1,0,1,1,0,0,1,1,0,1,0,1
Y483,0,1,0,1,1,0,0,1,1,0,0,1,0,1,0,1,1,0,1
Y484,1,0,0,1,0,1,1,0,1,0,0,1,0,1,0,0,0,1,0
Y485,1,0,1,0,0,1,0,1,1,0,1,0,1,0,1,0,0,1,0
Y486,1,0,0,1,1,0,1,0,0,1,0,1,1,0,1,0,0,1,1
Y487,0,1,1,0,1,0,1,0,0,1,0,1,0,1,0,1,0,1,1
Y488,1,0,1,0,0,1,1,0,1,0,0,1,1,0,1,0,0,1,0
Y489,0,1,0,1,0,1,0,1,0,1,0,1,1,0,1,0,1,0,1
Y490,0,1,1,0,0,1,1,0,1,0,0,1,0,1,0,1,1,0,1
Y491,0,1,0,1,1,0,0,1,0,1,0,1,0,1,0,1,1,0,1
Y492,0,1,0,1,0,1,0,1,1,0,0,1,0,1,0,1,1,0,1
Y493,0,1,1,0,0,1,0,1,0,1,1,0,0,1,1,0,1,0,1
Y494,0,1,1,0,0,1,0,1,1,0,0,1,0,1,0,0,0,1,0
Y495,1,0,1,0,0,1,0,1,1,0,0,1,1,0,0,1,0,1,0
Y496,1,0,1,0,1,0,0,1,0,1,0,1,0,1,0,1,0,1,1
Y497,0,1,1,0,1,0,0,1,0,1,0,1,1,0,1,0,0,1,1
Y498,1,0,0,1,0,1,0,1,1,0,0,1,0,1,1,0,0,1,0
Y499,1,0,1,0,1,0,1,0,1,0,0,1,0,1,0,1,0,1,1
Y500,0,1,0,1,1,0,0,1,1,0,1,0,1,0,1,1,1,0,1
Y501,1,0,1,0,0,1,0,1,1,0,0,1,1,0,0,1,0,1,0
Y502,1,0,1,0,0,1,0,1,1,0,0,1,0,1,1,0,0,1,0
Y503,0,1,1,0,1,0,1,0,0,1,0,1,0,1,1,0,1,0,1
Y504,0,1,0,1,1,0,1,0,0,1,1,0,0,1,1,0,0,1,1
Y505,0,1,1,0,0,1,0,1,0,1,1,0,0,1,0,1,1,0,0
Y506,0,1,0,1,0,1,1,0,0,1,1,0,0,1,0,1,1,0,1
Y507,1,0,1,0,1,0,0,1,0,1,0,1,0,1,1,0,1,0,1
Y508,1,0,1,0,1,0,1,0,1,0,0,1,0,1,1,0,1,0,1
Y509,1,0,1,0,0,1,1,0,1,0,0,1,1,0,1,0,0,1,0
Y510,1,0,1,0,0,1,0,1,0,1,0,1,1,0,0,1,0,1,0
Y511,0,1,0,1,1,0,1,0,0,1,1,0,0,1,1,0,1,0,1
Y512,1,0,0,1,1,0,1,0,0,1,1,0,0,1,1,0,0,1,1
Y513,0,1,1,0,0,1,0,1,1,0,0,1,1,0,1,0,0,1,0
Y514,1,0,0,1,0,1,0,1,1,0,0,1,1,0,1,0,0,1,0
Y515,1,0,0,1,1,0,0,1,0,1,0,1,1,0,1,0,0,1,0
Y516,1,0,1,0,1,0,1,0,0,1,1,0,0,1,0,1,0,1,1
Y517,0,1,1,0,0,1,1,0,0,1,1,0,0,1,1,0,1,0,1
Y518,1,0,0,1,1,0,0,1,0,1,0,1,0,1,1,0,1,0,0
Y519,0,1,1,0,0,1,1,0,1,0,1,0,0,1,0,1,1,0,1
Y520,0,1,0,1,1,0,0,1,0,1,0,1,0,1,1,0,0,1,1
Y521,1,0,0,1,0,1,0,1,1,0,0,1,1,0,1,0,0,1,0
Y522,1,0,1,0,0,1,0,1,1,0,0,1,1,0,1,0,1,0,0
Y523,1,0,1,0,0,1,0,1,1,0,0,1,1,0,1,0,0,1,0
Y524,1,0,1,0,0,1,0,1,1,0,0,1,1,0,1,0,0,1,0
Y525,1,0,1,0,1,0,0,1,1,0,1,0,1,0,1,0,0,1,0
Y526,0,1,0,1,0,1,1,0,1,0,0,1,0,1,0,1,1,0,1
Y527,1,0,1,0,0,1,1,0,0,1,1,0,0,1,0,1,1,0,1
Y528,1,0,0,1,1,0,1,0,0,1,0,1,0,1,1,0,1,0,1
Y529,1,0,1,0,1,0,0,1,1,0,1,0,0,1,1,0,1,0,0
Y530,1,0,0,1,0,1,1,0,1,0,0,1,0,1,0,1,0,1,1
Y531,1,0,1,0,0,1,0,1,0,1,0,1,0,1,1,0,1,0,1
Y532,0,1,0,1,1,0,1,0,0,1,1,0,0,1,0,1,1,0,1
Y533,0,1,1,0,1,0,0,1,0,1,0,1,0,1,0,1,0,1,1
Y534,1,0,1,0,0,1,0,1,1,0,0,1,1,0,1,0,1,0,0
Y535,0,1,0,1,1,0,1,0,0,1,0,1,0,1,0,1,1,0,1
Y536,0,1,0,1,1,0,0,1,0,1,0,1,0,1,0,1,1,0,1
Y537,1,0,0,1,0,1,1,0,1,0,0,1,1,0,0,1,0,1,0
Y538,1,0,1,0,0,1,0,1,1,0,0,1,1,0,1,0,0,1,1
Y539,1,0,1,0,1,0,1,0,1,0,0,1,0,1,0,0,0,1,0
Y540,1,0,0,1,1,0,0,1,0,1,1,0,1,0,0,1,0,1,0
Y541,1,0,1,0,0,1,1,0,0,1,0,1,0,1,0,1,1,0,0
Y542,0,1,0,1,0,1,0,1,0,1,0,1,0,1,0,1,0,1,1
Y543,0,1,0,1,1,0,0,1,1,0,0,1,1,0,1,0,1,0,1
Y544,1,0,0,1,0,1,1,0,1,0,0,1,0,1,0,1,0,1,1
Y545,1,0,0,1,0,1,1,0,1,0,0,1,0,1,0,1,0,1,0
Y546,1,0,1,0,1,0,0,1,0,1,0,1,0,1,0,1,0,1,0
Y547,1,0,1,0,0,1,1,0,1,0,1,0,0,1,0,1,1,0,0
Y548,0,1,0,1,1,0,0,1,1,0,0,1,1,0,0,1,0,1,1
