Lições,X10,X11,X12,X13,X14,X15,X16,X17,X18,X19,X20,X21,X22,CLASSES
Y001,3,2,2,0,7,1,0,1,0,1,0,2,1,p
Y002,5,2,4,0,2,1,0,1,0,1,0,1,2,p
Y003,2,3,2,0,8,1,0,1,0,1,0,2,2,p
Y004,2,0,4,1,5,1,0,0,9,1,1,2,2,e
Y005,0,3,9,1,3,1,0,0,4,0,2,2,2,e
Y006,5,3,4,0,2,1,0,1,0,1,0,1,1,p
Y007,5,0,4,1,5,1,0,0,10,1,1,2,2,e
Y008,3,2,2,1,5,1,0,0,1,0,0,2,2,e
Y009,2,3,3,0,2,1,0,0,7,0,1,1,1,p
Y010,2,2,8,1,6,1,0,1,10,0,3,2,2,p
Y011,5,3,2,0,2,1,0,1,0,1,0,2,2,p
Y012,2,2,4,0,8,1,0,1,0,1,0,2,1,p
Y013,5,2,0,1,2,1,0,0,10,1,1,2,2,p
Y014,2,3,4,0,8,1,0,1,0,1,0,1,1,p
Y015,5,2,2,0,8,1,0,1,0,1,0,2,1,p
Y016,2,2,8,0,5,1,1,0,7,1,3,0,2,e
Y017,2,2,8,1,6,1,0,1,7,0,3,2,2,p
Y018,4,0,4,0,5,1,0,1,5,0,3,2,2,e
Y019,5,2,4,0,5,0,0,0,11,0,0,2,2,e
Y020,2,2,3,1,2,1,0,0,10,1,1,0,2,p
Y021,2,0,4,0,5,1,1,0,7,1,3,0,0,e
Y022,5,0,3,1,5,1,0,0,7,1,1,2,2,e
Y023,2,3,3,0,2,1,0,0,7,0,1,1,1,p
Y024,5,2,3,1,2,1,0,0,10,1,1,0,0,p
Y025,5,2,2,0,2,1,0,1,0,1,0,1,2,p
Y026,2,0,2,1,5,1,0,0,5,1,1,2,2,e
Y027,3,2,4,0,5,0,0,0,6,0,0,2,2,e
Y028,3,2,2,0,2,1,0,1,0,1,0,2,1,p
Y029,5,3,2,0,8,1,0,1,0,1,0,1,2,p
Y030,0,2,4,0,5,0,0,0,6,0,0,2,2,e
Y031,5,3,2,1,5,1,0,0,10,1,1,2,2,e
Y032,2,3,9,0,2,1,0,0,2,0,1,1,1,p
Y033,5,2,8,0,5,1,1,0,7,1,3,0,2,e
Y034,5,3,8,1,6,1,0,1,7,0,3,2,2,p
Y035,2,0,2,1,5,1,0,0,5,1,1,2,2,e
Y036,5,3,9,1,0,1,0,0,2,0,2,2,2,e
Y037,5,2,4,0,7,1,0,1,0,1,0,1,1,p
Y038,5,2,4,0,2,1,0,1,0,1,0,1,1,p
Y039,5,0,4,1,5,1,0,0,9,1,1,2,2,e
Y040,5,0,8,0,5,1,1,0,3,1,3,2,2,e
Y041,2,3,5,1,5,1,0,0,10,0,0,2,2,e
Y042,5,0,2,1,5,1,0,0,10,1,1,2,2,e
Y043,2,3,3,1,5,1,0,0,10,1,1,2,2,e
Y044,5,3,3,1,5,1,0,0,9,1,1,2,2,e
Y045,2,3,9,0,2,1,0,0,2,0,1,1,1,p
Y046,5,2,8,1,2,1,0,0,3,1,1,0,0,p
Y047,2,0,4,0,5,1,1,0,3,1,3,0,2,e
Y048,2,0,4,0,5,1,0,1,7,0,3,2,2,e
Y049,5,2,4,0,5,1,1,0,7,1,3,0,0,e
Y050,5,2,8,1,0,1,0,0,10,0,2,2,2,e
Y051,2,3,2,1,5,1,0,0,9,1,1,2,2,e
Y052,2,2,2,1,5,1,0,0,1,0,0,2,2,e
Y053,0,2,8,0,5,1,1,0,7,0,0,1,1,e
Y054,2,3,2,0,7,1,0,1,0,1,0,2,2,p
Y055,5,3,2,0,8,1,0,1,0,1,0,1,1,p
Y056,5,2,2,0,8,1,0,1,0,1,0,1,2,p
Y057,5,3,3,1,5,1,0,0,5,1,1,2,2,e
Y058,2,2,3,1,2,1,0,0,10,1,1,0,0,p
Y059,5,3,8,1,6,1,0,1,4,0,3,2,2,p
Y060,2,3,8,1,6,1,0,1,7,0,3,2,2,p
Y061,5,2,9,1,3,1,0,0,10,0,2,2,2,e
Y062,5,3,3,0,2,1,0,0,3,0,1,1,1,p
Y063,5,3,4,1,3,1,0,0,7,0,4,2,3,e
Y064,5,0,2,1,5,1,0,0,5,1,1,2,2,e
Y065,2,0,3,0,5,1,1,0,7,1,3,2,2,e
Y066,3,3,2,0,8,1,0,1,0,1,0,2,1,p
Y067,5,2,2,0,7,1,0,1,0,1,0,1,1,p
Y068,5,2,9,1,0,1,1,1,7,1,1,2,2,e
Y069,3,2,4,0,8,1,0,1,0,1,0,2,1,p
Y070,2,3,3,1,5,1,0,0,7,1,1,2,2,e
Y071,2,0,3,0,5,1,1,0,5,1,3,2,0,e
Y072,5,0,3,0,2,1,0,0,2,0,1,1,1,p
Y073,2,3,9,0,2,1,0,0,2,0,1,1,1,p
Y074,5,2,3,0,5,1,1,0,2,0,0,2,1,e
Y075,2,0,4,0,5,1,1,0,7,1,3,2,2,e
Y076,2,0,4,0,5,1,1,0,3,1,3,0,2,e
Y077,2,0,9,0,2,1,0,0,3,0,1,1,1,p
Y078,5,0,3,1,5,1,0,0,5,1,1,2,2,e
Y079,5,0,3,0,2,1,0,0,7,0,1,1,1,p
Y080,2,3,9,0,2,1,0,0,3,0,1,1,1,p
Y081,5,0,3,0,2,1,0,0,3,0,1,1,1,p
Y082,3,2,8,0,5,1,1,0,2,0,0,2,1,e
Y083,5,3,9,0,2,1,0,0,3,0,1,1,1,p
Y084,2,3,2,1,5,1,0,0,9,1,1,2,2,e
Y085,2,3,8,1,6,1,0,1,10,0,3,2,2,p
Y086,5,2,4,0,5,1,1,0,3,1,3,2,0,e
Y087,2,3,9,0,2,1,0,0,2,0,1,1,1,p
Y088,2,3,3,0,2,1,0,0,3,0,1,1,1,p
Y089,0,2,4,0,5,0,0,0,6,0,0,2,2,e
Y090,5,2,4,0,5,1,1,0,4,1,3,0,2,e
Y091,5,0,4,1,5,1,0,0,7,1,1,2,2,e
Y092,5,3,9,0,2,1,0,0,2,0,1,1,1,p
Y093,3,0,3,0,5,1,1,0,2,0,0,1,1,e
Y094,5,0,8,1,0,1,1,1,7,1,1,2,2,e
Y095,2,0,3,0,5,1,0,1,2,0,3,2,2,e
Y096,5,2,4,1,6,1,0,1,4,0,3,2,2,p
Y097,2,2,4,1,6,1,0,1,4,0,3,2,2,p
Y098,2,2,4,0,5,0,0,0,11,0,0,2,2,e
Y099,3,3,4,0,8,1,0,1,0,1,0,1,2,p
Y100,5,2,4,0,8,1,0,1,0,1,0,2,2,p
Y101,5,2,5,0,1,1,1,1,9,0,1,2,2,p
Y102,5,0,9,0,2,1,0,0,7,0,1,1,1,p
Y103,5,3,9,1,0,1,0,0,10,0,2,2,2,e
Y104,5,0,4,0,5,1,1,0,5,1,3,2,0,e
Y105,2,2,3,1,2,1,0,0,10,1,1,0,2,p
Y106,2,3,3,1,5,1,0,0,9,1,1,2,2,e
Y107,2,2,2,0,2,1,0,1,0,1,0,2,2,p
Y108,3,2,2,0,8,1,0,1,0,1,0,1,2,p
Y109,5,3,8,1,6,1,0,1,7,0,3,2,2,p
Y110,5,3,2,1,5,1,0,0,7,1,1,2,2,e
Y111,2,3,3,0,2,1,0,0,3,0,1,1,1,p
Y112,5,3,2,1,5,1,0,0,7,1,1,2,2,e
Y113,5,2,4,1,6,1,0,1,7,0,3,2,2,p
Y114,5,2,4,0,5,0,0,0,6,0,0,2,2,e
Y115,2,3,2,0,8,1,0,1,0,1,0,2,1,p
Y116,2,3,9,0,2,1,0,0,2,0,1,1,1,p
Y117,2,0,2,1,5,1,0,0,9,1,1,2,2,e
Y118,5,0,9,0,2,1,0,0,3,0,1,1,1,p
Y119,3,2,4,0,5,0,0,0,6,0,0,2,2,e
Y120,5,3,4,1,3,1,0,0,5,0,4,2,3,e
Y121,5,3,8,1,0,1,0,0,2,0,2,2,2,e
Y122,2,0,9,0,2,1,0,0,7,0,1,1,1,p
Y123,5,3,4,0,5,1,0,1,10,0,0,1,3,p
Y124,4,0,4,0,5,1,0,1,5,0,3,2,2,e
Y125,5,0,3,0,2,1,0,0,2,0,1,1,1,p
Y126,5,0,8,0,5,1,1,0,3,1,3,2,0,e
Y127,5,2,2,0,2,1,0,1,0,1,0,1,1,p
Y128,5,0,4,1,5,1,0,0,5,1,1,2,2,e
Y129,5,0,8,1,3,1,1,1,5,1,1,2,2,e
Y130,2,2,8,0,5,1,1,0,4,1,3,0,2,e
Y131,5,0,8,0,5,1,1,0,5,1,3,2,2,e
Y132,5,3,3,1,5,1,0,0,10,0,1,2,2,e
Y133,5,0,2,1,5,1,0,0,7,1,1,2,2,e
Y134,2,2,2,0,2,1,0,1,0,1,0,2,2,p
Y135,5,3,3,0,2,1,0,0,2,0,1,1,1,p
Y136,5,3,3,1,5,1,0,0,10,1,1,2,2,e
Y137,5,0,2,1,5,1,0,0,7,1,1,2,2,e
Y138,5,0,4,0,5,1,1,0,4,1,3,0,0,e
Y139,5,3,3,1,5,1,0,0,5,1,1,2,2,e
Y140,5,0,2,1,5,1,0,0,9,1,1,2,2,e
Y141,5,2,9,1,3,1,0,0,2,0,2,2,2,e
Y142,2,3,0,1,5,1,0,0,2,0,1,2,2,p
Y143,3,2,2,0,2,1,0,1,0,1,0,1,1,p
Y144,0,3,8,1,3,1,0,0,4,0,2,2,2,e
Y145,3,2,4,0,2,1,0,1,0,1,0,1,2,p
Y146,0,2,4,0,5,0,0,0,5,0,0,2,2,e
Y147,2,3,9,0,2,1,0,0,2,0,1,1,1,p
Y148,0,2,9,1,0,1,0,0,5,0,2,2,2,e
Y149,2,0,3,0,2,1,0,0,7,0,1,1,1,p
Y150,5,0,3,0,2,1,0,0,3,0,1,1,1,p
Y151,0,3,9,1,0,1,0,0,10,0,2,2,2,e
Y152,3,2,4,0,5,0,0,0,11,0,0,2,2,e
Y153,2,0,4,0,5,1,1,0,4,1,3,0,0,e
Y154,0,0,8,0,5,1,1,0,7,0,0,1,1,e
Y155,2,0,9,0,2,1,0,0,7,0,1,1,1,p
Y156,0,2,9,1,3,1,0,0,2,0,2,2,2,e
Y157,2,3,9,0,2,1,0,0,2,0,1,1,1,p
Y158,2,0,2,1,5,1,0,0,9,1,1,2,2,e
Y159,3,2,4,0,2,1,0,1,0,1,0,1,2,p
Y160,5,3,2,1,5,1,0,0,10,1,1,2,2,e
Y161,5,0,3,0,1,1,1,1,5,0,1,2,2,p
Y162,5,3,9,0,2,1,0,0,3,0,1,1,1,p
Y163,5,3,4,1,5,1,0,0,10,1,1,2,2,e
Y164,3,3,2,0,2,1,0,1,0,1,0,1,2,p
Y165,2,2,4,0,7,1,0,1,0,1,0,1,1,p
Y166,0,3,9,1,3,1,0,0,4,0,2,2,2,e
Y167,5,3,5,1,5,1,0,0,10,0,0,2,2,e
Y168,3,3,2,0,4,0,0,0,10,0,2,1,3,p
Y169,3,2,2,0,2,1,0,1,0,1,0,1,2,p
Y170,5,2,4,0,8,1,0,1,0,1,0,1,2,p
Y171,2,2,5,1,5,1,0,0,1,0,0,2,2,e
Y172,5,3,3,0,2,1,0,0,2,0,1,1,1,p
Y173,5,2,4,1,6,1,0,1,4,0,3,2,2,p
Y174,5,3,2,1,5,1,0,0,9,1,1,2,2,e
Y175,5,3,3,1,5,1,0,0,7,1,1,2,2,e
Y176,0,3,8,1,3,1,0,0,10,0,2,2,2,e
Y177,5,3,9,0,2,1,0,0,3,0,1,1,1,p
Y178,2,0,8,1,0,1,1,1,10,1,1,2,2,e
Y179,2,0,8,0,5,1,1,0,4,1,3,0,0,e
Y180,5,3,2,1,5,1,0,0,7,1,1,2,2,e
Y181,2,3,3,1,5,1,0,0,9,1,1,2,2,e
Y182,2,3,2,1,5,1,0,0,7,1,1,2,2,e
Y183,5,2,5,0,1,1,1,1,5,0,1,2,2,p
Y184,5,3,4,0,2,1,0,1,0,1,0,2,2,p
Y185,3,2,2,0,7,1,0,1,0,1,0,2,1,p
Y186,2,3,6,0,5,1,0,1,3,0,0,2,0,e
Y187,5,0,9,0,2,1,0,0,7,0,1,1,1,p
Y188,5,0,9,0,2,1,0,0,7,0,1,1,1,p
Y189,2,2,8,1,6,1,0,1,4,0,3,2,2,p
Y190,3,3,2,0,2,1,0,1,0,1,0,1,1,p
Y191,5,0,4,1,5,1,0,0,9,1,1,2,2,e
Y192,2,0,8,0,5,1,1,0,5,1,3,2,0,e
Y193,2,0,8,0,5,1,1,0,5,1,3,2,0,e
Y194,2,3,2,0,2,1,0,1,0,1,0,2,1,p
Y195,5,3,3,0,2,1,0,0,7,0,1,1,1,p
Y196,2,2,2,0,7,1,0,1,0,1,0,1,1,p
Y197,5,2,3,1,2,1,0,0,3,1,1,0,2,p
Y198,3,3,4,0,2,1,0,1,0,1,0,1,1,p
Y199,5,3,3,0,2,1,0,0,2,0,1,1,1,p
Y200,5,3,4,0,7,1,0,1,0,1,0,1,2,p
Y201,3,2,4,0,2,1,0,1,0,1,0,1,1,p
Y202,0,3,5,1,5,1,0,0,8,0,1,2,2,p
Y203,5,2,3,0,5,1,1,0,7,0,0,2,1,e
Y204,3,2,2,0,7,1,0,1,0,1,0,1,1,p
Y205,2,2,4,0,5,0,0,0,6,0,0,2,2,e
Y206,5,2,8,0,5,1,1,0,4,1,3,0,2,e
Y207,5,3,4,0,8,1,0,1,0,1,0,1,2,p
Y208,2,0,9,0,2,1,0,0,3,0,1,1,1,p
Y209,2,3,3,0,2,1,0,0,7,0,1,1,1,p
Y210,5,2,9,1,3,1,0,0,10,0,2,2,2,e
Y211,5,2,4,0,5,1,1,0,7,1,3,2,0,e
Y212,0,0,3,0,5,1,1,0,2,0,0,2,2,e
Y213,5,0,2,1,5,1,0,0,7,1,1,2,2,e
Y214,2,3,4,0,7,1,0,1,0,1,0,2,2,p
Y215,2,3,2,0,8,1,0,1,0,1,0,1,1,p
Y216,2,0,3,1,5,1,0,0,10,1,1,2,2,e
Y217,5,2,2,0,8,1,0,1,0,1,0,1,1,p
Y218,0,2,9,1,0,1,0,0,4,0,2,2,2,e
Y219,5,0,3,1,5,1,0,0,5,1,1,2,2,e
Y220,2,0,9,0,2,1,0,0,3,0,1,1,1,p
Y221,3,2,4,0,2,1,0,1,0,1,0,2,1,p
Y222,0,0,8,0,5,1,1,0,7,0,0,2,2,e
Y223,2,0,9,0,2,1,0,0,7,0,1,1,1,p
Y224,3,2,2,0,7,1,0,1,0,1,0,2,2,p
Y225,5,2,4,0,7,1,0,1,0,1,0,2,1,p
Y226,3,3,4,0,8,1,0,1,0,1,0,1,1,p
Y227,5,0,3,1,5,1,0,0,5,1,1,2,2,e
Y228,5,0,3,1,5,1,0,0,9,1,1,2,2,e
Y229,5,3,9,0,2,1,0,0,3,0,1,1,1,p
Y230,5,3,3,1,5,1,0,0,10,1,1,2,2,e
Y231,5,0,3,0,2,1,0,0,2,0,1,1,1,p
Y232,2,2,2,0,8,1,0,1,0,1,0,1,2,p
Y233,5,2,2,0,8,1,0,1,0,1,0,1,1,p
Y234,2,2,2,0,7,1,0,1,0,1,0,2,1,p
Y235,5,0,3,1,5,1,0,0,7,1,1,2,2,e
Y236,5,0,9,0,2,1,0,0,7,0,1,1,1,p
Y237,5,3,4,0,7,1,0,1,0,1,0,1,1,p
Y238,5,2,0,1,2,1,0,0,3,1,1,0,2,p
Y239,0,2,8,1,3,1,0,0,5,0,2,2,2,e
Y240,5,3,9,0,2,1,0,0,7,0,1,1,1,p
Y241,2,0,8,0,5,1,1,0,4,1,3,0,2,e
Y242,5,3,2,1,5,1,0,0,10,1,1,2,2,e
Y243,5,3,2,1,5,1,0,0,5,1,1,2,2,e
Y244,5,2,8,1,6,1,0,1,4,0,3,2,2,p
Y245,5,3,9,1,0,1,0,0,2,0,2,2,2,e
Y246,0,3,8,1,3,1,0,0,5,0,2,2,2,e
Y247,2,3,4,0,7,1,0,1,0,1,0,1,2,p
Y248,5,3,2,1,5,1,0,0,10,1,1,2,2,e
Y249,2,3,4,0,5,1,0,0,10,0,1,3,3,e
Y250,3,2,4,0,7,1,0,1,0,1,0,1,2,p
Y251,3,2,2,0,2,1,0,1,0,1,0,1,1,p
Y252,2,3,4,0,8,1,0,1,0,1,0,1,1,p
Y253,2,2,4,0,5,1,1,0,3,1,3,2,2,e
Y254,2,2,4,0,2,1,0,1,0,1,0,1,2,p
Y255,5,2,4,0,5,1,0,0,10,0,1,3,3,e
Y256,0,3,8,1,0,1,0,0,5,0,2,2,2,e
Y257,3,3,2,0,4,1,0,0,10,0,2,1,3,p
Y258,2,3,3,0,2,1,0,0,7,0,1,1,1,p
Y259,5,3,2,1,5,1,0,0,7,1,1,2,2,e
Y260,3,2,4,0,8,1,0,1,0,1,0,1,1,p
Y261,5,3,3,0,2,1,0,0,2,0,1,1,1,p
Y262,5,2,4,0,5,1,1,0,7,1,3,2,0,e
Y263,2,3,4,1,6,1,0,1,5,0,3,2,2,p
Y264,5,0,3,0,2,1,0,0,7,0,1,1,1,p
Y265,5,2,4,0,8,1,0,1,0,1,0,1,2,p
Y266,5,2,9,1,0,1,0,0,4,0,2,2,2,e
Y267,0,3,8,1,3,1,0,0,2,0,2,2,2,e
Y268,5,0,4,1,5,1,0,0,10,1,1,2,2,e
Y269,3,3,9,0,5,1,0,1,10,0,0,1,3,p
Y270,5,3,4,0,7,1,0,1,0,1,0,1,2,p
Y271,4,0,4,0,5,1,0,1,4,0,3,2,2,e
Y272,5,2,8,0,5,1,1,0,5,1,3,2,2,e
Y273,2,0,9,0,2,1,0,0,2,0,1,1,1,p
Y274,2,3,3,0,2,1,0,0,2,0,1,1,1,p
Y275,2,2,2,0,8,1,0,1,0,1,0,1,1,p
Y276,2,3,3,1,5,1,0,0,9,1,1,2,2,e
Y277,0,2,9,1,0,1,0,0,5,0,2,2,2,e
Y278,0,3,9,1,3,1,0,0,5,0,2,2,2,e
Y279,2,3,2,1,5,1,0,0,7,1,1,2,2,e
Y280,5,2,2,0,8,1,0,1,0,1,0,2,2,p
Y281,5,0,8,0,5,1,1,0,7,1,3,0,0,e
Y282,5,0,3,0,5,1,0,1,2,0,3,2,2,e
Y283,0,3,9,1,3,1,0,0,2,0,2,2,2,e
Y284,5,3,3,1,5,1,0,0,7,1,1,2,2,e
Y285,5,2,9,1,0,1,0,0,2,0,2,2,2,e
Y286,5,0,3,0,5,1,1,0,10,0,0,1,2,e
Y287,5,3,4,1,5,1,0,0,9,1,1,2,2,e
Y288,5,2,3,0,5,1,1,0,7,1,3,0,0,e
Y289,5,2,2,0,7,1,0,1,0,1,0,1,1,p
Y290,2,2,4,0,2,1,0,1,0,1,0,2,2,p
Y291,0,3,9,1,0,1,0,0,2,0,2,2,2,e
Y292,2,0,3,0,2,1,0,0,3,0,1,1,1,p
Y293,3,2,4,0,5,0,0,0,11,0,0,2,2,e
Y294,5,2,4,0,8,1,0,1,0,1,0,2,1,p
Y295,2,2,8,0,5,1,1,0,7,1,3,2,2,e
Y296,2,3,3,0,2,1,0,0,7,0,1,1,1,p
Y297,2,3,9,0,2,1,0,0,7,0,1,1,1,p
Y298,5,2,2,0,7,1,0,1,0,1,0,1,1,p
Y299,5,2,2,0,7,1,0,1,0,1,0,2,1,p
Y300,3,3,2,0,7,1,0,1,0,1,0,1,2,p
Y301,2,0,4,0,5,1,1,0,7,1,3,2,2,e
Y302,5,2,4,0,2,1,0,1,0,1,0,1,2,p
Y303,2,2,8,1,2,1,0,0,3,1,1,2,2,p
Y304,3,2,2,0,2,1,0,1,0,1,0,1,1,p
Y305,2,2,4,0,5,1,1,0,4,1,3,0,0,e
Y306,2,0,3,0,2,1,0,0,7,0,1,1,1,p
Y307,2,3,2,0,2,1,0,1,0,1,0,2,2,p
Y308,5,0,4,0,5,1,1,0,7,1,3,0,0,e
Y309,2,0,3,0,2,1,0,0,2,0,1,1,1,p
Y310,5,2,4,0,2,1,0,1,0,1,0,2,2,p
Y311,5,0,2,1,5,1,0,0,7,1,1,2,2,e
Y312,5,3,4,0,2,1,0,1,0,1,0,1,2,p
Y313,5,3,3,1,5,1,0,0,7,1,1,2,2,e
Y314,3,2,2,0,8,1,0,1,0,1,0,2,1,p
Y315,3,3,2,0,8,1,0,1,0,1,0,2,1,p
Y316,5,2,3,0,5,1,1,0,7,0,0,1,2,e
Y317,5,3,9,1,0,1,0,0,2,0,2,2,2,e
Y318,5,2,9,1,0,1,0,0,2,0,2,2,2,e
Y319,2,0,9,0,2,1,0,0,2,0,1,1,1,p
Y320,5,3,4,0,8,1,0,1,0,1,0,2,1,p
Y321,0,3,8,1,0,1,0,0,10,0,2,2,2,e
Y322,5,2,4,1,6,1,0,1,5,0,3,2,2,p
Y323,5,0,9,0,2,1,0,0,3,0,1,1,1,p
Y324,2,0,3,0,2,1,0,0,3,0,1,1,1,p
Y325,2,0,3,0,2,1,0,0,3,0,1,1,1,p
Y326,5,2,3,0,1,1,0,1,5,0,1,2,2,p
Y327,5,0,3,0,5,1,1,0,4,1,3,2,0,e
Y328,5,2,3,0,5,1,1,0,7,1,3,2,2,e
Y329,5,3,4,1,5,1,0,0,5,1,1,2,2,e
Y330,2,0,3,0,2,1,0,0,2,0,1,1,1,p
Y331,5,3,0,1,5,1,0,0,1,0,0,2,2,e
Y332,5,0,3,0,2,1,0,0,7,0,1,1,1,p
Y333,5,0,3,0,1,1,0,1,5,0,1,2,2,p
Y334,3,3,2,0,7,1,0,1,0,1,0,2,1,p
Y335,5,3,2,1,5,1,0,0,9,1,1,2,2,e
Y336,2,3,2,0,7,1,0,1,0,1,0,1,2,p
Y337,3,3,0,1,5,1,0,0,10,0,0,2,2,e
Y338,5,0,5,0,1,1,1,1,9,0,1,2,2,p
Y339,5,3,0,1,5,1,0,0,1,0,0,2,2,e
Y340,2,2,4,1,6,1,0,1,7,0,3,2,2,p
Y341,5,2,3,1,2,1,0,0,3,1,1,0,0,p
Y342,2,1,8,1,5,1,1,1,10,0,1,2,2,p
Y343,5,2,9,1,0,1,0,0,5,0,2,2,2,e
Y344,3,2,3,0,5,1,1,0,7,0,0,2,1,e
Y345,2,3,4,0,7,1,0,1,0,1,0,1,1,p
Y346,0,3,9,1,0,1,0,0,5,0,2,2,2,e
Y347,2,3,9,0,2,1,0,0,7,0,1,1,1,p
Y348,2,2,4,1,5,1,0,0,10,0,0,2,2,e
Y349,2,3,4,0,7,1,0,1,0,1,0,2,1,p
Y350,2,2,2,0,7,1,0,1,0,1,0,2,1,p
Y351,2,3,2,1,5,1,0,0,7,1,1,2,2,e
Y352,2,3,4,0,2,1,0,1,0,1,0,1,2,p
Y353,2,2,4,0,8,1,0,1,0,1,0,2,1,p
Y354,5,0,3,0,5,1,1,0,7,0,0,1,2,e
Y355,5,2,4,0,2,1,0,1,0,1,0,2,1,p
Y356,2,0,4,1,5,1,0,0,9,1,1,2,2,e
Y357,0,3,8,1,3,1,0,0,10,0,2,2,2,e
Y358,5,0,4,1,5,1,0,0,7,1,1,2,2,e
Y359,5,2,4,0,7,1,0,1,0,1,0,1,1,p
Y360,2,3,4,1,5,1,0,0,9,1,1,2,2,e
Y361,2,0,3,1,5,1,0,0,5,1,1,2,2,e
Y362,3,2,2,0,2,1,0,1,0,1,0,2,1,p
Y363,2,0,4,1,5,1,0,0,7,1,1,2,2,e
Y364,2,2,3,1,2,1,0,0,7,1,1,2,0,p
Y365,2,0,9,0,2,1,0,0,7,0,1,1,1,p
Y366,2,2,2,0,2,1,0,1,0,1,0,1,1,p
Y367,3,3,2,0,8,1,0,1,0,1,0,2,2,p
Y368,3,2,8,0,5,1,1,0,10,0,0,2,1,e
Y369,5,3,2,0,2,1,0,1,0,1,0,2,1,p
Y370,2,3,2,0,7,1,0,1,0,1,0,2,1,p
Y371,5,3,2,0,2,1,0,1,0,1,0,1,2,p
Y372,0,3,8,1,0,1,0,0,2,0,2,2,2,e
Y373,0,0,8,0,5,1,1,0,2,0,0,1,1,e
Y374,2,2,8,1,2,1,0,0,3,1,1,2,0,p
Y375,0,2,3,0,5,1,1,0,10,0,0,1,1,e
Y376,5,0,9,0,2,1,0,0,2,0,1,1,1,p
Y377,0,0,3,0,5,1,1,0,10,0,0,1,2,e
Y378,5,3,4,1,6,1,0,1,7,0,3,2,2,p
Y379,2,0,3,1,5,1,0,0,9,1,1,2,2,e
Y380,5,3,2,1,5,1,0,0,7,1,1,2,2,e
Y381,5,3,2,1,5,1,0,0,5,1,1,2,2,e
Y382,2,0,4,1,5,1,0,0,7,1,1,2,2,e
Y383,5,2,4,1,6,1,0,1,5,0,3,2,2,p
Y384,5,3,2,1,5,1,0,0,7,1,1,2,2,e
Y385,5,3,8,1,0,1,0,0,5,0,2,2,2,e
Y386,2,3,4,1,6,1,0,1,7,0,3,2,2,p
Y387,5,2,4,0,5,1,1,0,3,1,3,0,0,e
Y388,5,0,4,1,5,1,0,0,7,1,1,2,2,e
Y389,5,3,2,0,2,1,0,1,0,1,0,1,2,p
Y390,2,2,0,1,2,1,0,0,3,1,1,0,0,p
Y391,2,2,4,0,2,1,0,1,0,1,0,2,1,p
Y392,5,0,4,0,5,1,1,0,5,1,3,2,2,e
Y393,5,3,4,0,2,1,0,1,0,1,0,1,1,p
Y394,2,2,0,1,2,1,0,0,10,1,1,0,0,p
Y395,5,3,4,1,5,1,0,0,5,1,1,2,2,e
Y396,2,3,2,1,5,1,0,0,1,0,0,2,2,e
Y397,5,0,9,0,2,1,0,0,2,0,1,1,1,p
Y398,2,3,4,0,7,1,0,1,0,1,0,1,1,p
Y399,5,3,2,0,2,1,0,1,0,1,0,1,2,p
Y400,0,0,8,0,5,1,1,0,7,0,0,2,2,e
Y401,2,3,2,0,7,1,0,1,0,1,0,1,1,p
Y402,5,3,2,1,5,1,0,0,10,1,1,2,2,e
Y403,5,2,8,1,2,1,0,0,7,1,1,2,2,p
Y404,5,2,8,1,3,1,0,0,4,0,2,2,2,e
Y405,0,0,8,0,5,1,1,0,10,0,0,1,2,e
Y406,2,2,4,0,8,1,0,1,0,1,0,2,1,p
Y407,5,2,8,0,1,1,0,1,5,0,1,2,2,p
Y408,2,0,9,0,2,1,0,0,3,0,1,1,1,p
Y409,5,3,3,1,5,1,0,0,5,1,1,2,2,e
Y410,5,3,9,0,2,1,0,0,7,0,1,1,1,p
Y411,2,3,4,0,2,1,0,1,0,1,0,2,1,p
Y412,2,0,2,1,5,1,0,0,10,1,1,2,2,e
Y413,5,3,4,0,2,1,0,1,0,1,0,2,2,p
Y414,5,2,4,0,2,1,0,1,0,1,0,1,2,p
Y415,2,3,3,0,2,1,0,0,7,0,1,1,1,p
Y416,2,0,3,1,5,1,0,0,9,1,1,2,2,e
Y417,5,2,8,0,5,1,1,0,2,0,0,1,2,e
Y418,5,3,9,1,0,1,0,0,10,0,4,2,3,e
Y419,2,3,4,1,0,1,0,0,5,0,4,2,3,e
Y420,5,2,8,1,6,1,0,1,10,0,3,2,2,p
Y421,2,3,9,1,3,1,0,0,10,0,4,2,3,e
Y422,2,3,0,1,5,1,0,0,10,0,0,2,2,e
Y423,5,2,8,1,0,1,0,0,10,0,2,2,2,e
Y424,5,3,2,0,7,1,0,1,0,1,0,2,2,p
Y425,3,2,4,0,7,1,0,1,0,1,0,1,2,p
Y426,2,3,9,0,2,1,0,0,7,0,1,1,1,p
Y427,5,3,4,1,5,1,0,0,10,1,1,2,2,e
Y428,3,3,4,0,7,1,0,1,0,1,0,2,1,p
Y429,5,2,9,1,0,1,0,0,10,0,2,2,2,e
Y430,5,2,8,0,5,1,1,0,7,0,0,1,2,e
Y431,5,2,8,0,1,1,0,1,5,0,1,2,2,p
Y432,2,2,2,1,5,1,0,0,10,0,0,2,2,e
Y433,2,2,8,1,5,1,0,0,10,0,1,2,2,p
Y434,5,0,3,0,5,1,1,0,4,1,3,0,0,e
Y435,2,3,3,1,5,1,0,0,7,1,1,2,2,e
Y436,5,2,2,0,8,1,0,1,0,1,0,1,2,p
Y437,5,2,4,0,5,0,0,0,5,0,0,2,2,e
Y438,5,2,4,1,6,1,0,1,10,0,3,2,2,p
Y439,5,0,3,0,5,1,1,0,7,1,3,2,0,e
Y440,5,2,4,0,5,1,1,0,3,1,3,0,0,e
Y441,2,3,2,1,5,1,0,0,10,1,1,2,2,e
Y442,2,3,9,1,0,1,0,0,10,0,4,2,3,e
Y443,5,0,3,0,1,1,0,1,9,0,1,2,2,p
Y444,0,2,3,0,5,1,1,0,10,0,0,2,2,e
Y445,2,3,4,1,6,1,0,1,4,0,3,2,2,p
Y446,2,0,4,0,5,1,1,0,5,1,3,0,2,e
Y447,0,0,3,0,5,1,1,0,2,0,0,2,2,e
Y448,5,3,9,0,2,1,0,0,7,0,1,1,1,p
Y449,5,0,4,0,5,1,1,0,4,1,3,2,0,e
Y450,5,2,4,0,7,1,0,1,0,1,0,2,1,p
Y451,2,0,3,0,5,1,1,0,5,1,3,0,2,e
Y452,5,0,8,0,1,1,0,1,9,0,1,2,2,p
Y453,2,3,3,1,5,1,0,0,10,1,1,2,2,e
Y454,2,3,9,1,3,1,0,0,7,0,4,2,3,e
Y455,2,0,8,0,5,1,1,0,5,1,3,2,0,e
Y456,3,3,2,0,8,1,0,1,0,1,0,1,2,p
Y457,5,0,3,1,5,1,0,0,7,1,1,2,2,e
Y458,2,2,0,1,5,1,0,0,1,0,0,2,2,e
Y459,3,2,3,0,5,1,1,0,7,0,0,2,2,e
Y460,2,3,3,0,2,1,0,0,3,0,1,1,1,p
Y461,5,3,8,1,6,1,0,1,10,0,3,2,2,p
Y462,5,3,9,0,2,1,0,0,7,0,1,1,1,p
Y463,5,3,3,0,2,1,0,0,7,0,1,1,1,p
Y464,2,3,2,1,5,1,0,0,9,1,1,2,2,e
Y465,0,3,9,1,3,1,0,0,10,0,2,2,2,e
Y466,5,2,4,0,2,1,0,1,0,1,0,1,1,p
Y467,3,2,4,0,7,1,0,1,0,1,0,2,1,p
Y468,2,3,3,0,2,1,0,0,2,0,1,1,1,p
Y469,2,2,8,0,5,1,1,0,3,1,3,0,0,e
Y470,3,2,3,0,5,1,1,0,7,0,0,1,1,e
Y471,2,3,3,0,2,1,0,0,7,0,1,1,1,p
Y472,0,3,8,1,3,1,0,0,4,0,2,2,2,e
Y473,3,3,5,1,5,1,0,0,10,0,0,2,2,e
Y474,5,0,9,0,2,1,0,0,3,0,1,1,1,p
Y475,2,0,3,1,5,1,0,0,7,1,1,2,2,e
Y476,5,2,0,1,2,1,0,0,3,1,1,2,2,p
Y477,5,0,3,0,2,1,0,0,7,0,1,1,1,p
Y478,5,3,9,0,2,1,0,0,7,0,1,1,1,p
Y479,2,2,4,0,8,1,0,1,0,1,0,2,2,p
Y480,2,3,9,0,2,1,0,0,7,0,1,1,1,p
Y481,5,3,4,1,5,1,0,0,10,1,1,2,2,e
Y482,5,3,9,1,0,1,0,0,10,0,2,2,2,e
Y483,5,3,4,0,2,1,0,1,0,1,0,2,1,p
Y484,2,3,2,0,8,1,0,1,0,1,0,1,1,p
Y485,2,3,2,1,5,1,0,0,7,1,1,2,2,e
Y486,3,2,2,0,7,1,0,1,0,1,0,2,2,p
Y487,2,3,4,1,3,1,0,0,5,0,4,2,3,e
Y488,5,2,4,0,5,0,0,0,5,0,0,2,2,e
Y489,5,3,2,1,5,1,0,0,5,1,1,2,2,e
Y490,2,2,4,0,7,1,0,1,0,1,0,1,2,p
Y491,2,3,4,0,7,1,0,1,0,1,0,2,2,p
Y492,2,2,4,0,2,1,0,1,0,1,0,2,1,p
Y493,5,0,9,0,2,1,0,0,2,0,1,1,1,p
Y494,2,3,4,0,2,1,0,1,0,1,0,2,1,p
Y495,2,0,4,0,5,1,1,0,7,1,3,0,2,e
Y496,5,0,3,0,5,1,1,0,7,1,3,0,0,e
Y497,3,2,4,0,7,1,0,1,0,1,0,1,2,p
Y498,2,2,0,1,5,1,0,0,2,0,1,2,2,p
Y499,5,3,9,0,2,1,0,0,3,0,1,1,1,p
Y500,3,2,4,0,5,0,0,0,6,0,0,2,2,e
Y501,2,2,3,0,5,1,1,0,4,1,3,0,0,e
Y502,2,0,3,0,5,1,1,0,5,1,3,2,2,e
Y503,2,3,4,1,6,1,0,1,7,0,3,2,2,p
Y504,0,3,9,1,3,1,0,0,5,0,2,2,2,e
Y505,5,3,4,1,6,1,0,1,5,0,3,2,2,p
Y506,3,2,4,0,8,1,0,1,0,1,0,1,2,p
Y507,5,3,4,1,5,1,0,0,7,1,1,2,2,e
Y508,3,3,4,0,7,1,0,1,0,1,0,2,1,p
Y509,2,0,3,0,2,1,0,0,2,0,1,1,1,p
Y510,5,3,4,1,0,1,0,0,7,0,4,2,3,e
Y511,2,0,4,0,5,1,1,0,7,1,3,2,0,e
Y512,2,0,4,0,5,1,1,0,5,1,3,0,0,e
Y513,5,3,3,0,2,1,0,0,7,0,1,1,1,p
Y514,5,3,4,1,5,1,0,0,9,1,1,2,2,e
Y515,5,0,8,0,5,1,1,0,4,1,3,0,0,e
Y516,3,3,2,0,7,1,0,1,0,1,0,2,2,p
Y517,5,0,4,0,5,1,0,1,2,0,3,2,2,e
Y518,2,3,2,1,5,1,0,0,10,0,0,2,2,e
Y519,5,3,4,1,5,1,0,0,5,1,1,2,2,e
Y520,2,0,4,1,5,1,0,0,9,1,1,2,2,e
Y521,2,3,4,0,7,1,0,1,0,1,0,2,1,p
Y522,2,0,3,0,2,1,0,0,2,0,1,1,1,p
Y523,5,2,9,1,3,1,0,0,4,0,2,2,2,e
Y524,5,0,9,0,2,1,0,0,3,0,1,1,1,p
Y525,5,3,9,0,2,1,0,0,3,0,1,1,1,p
Y526,2,2,8,0,5,1,1,0,4,1,3,0,2,e
Y527,5,0,3,1,5,1,0,0,9,1,1,2,2,e
Y528,2,2,8,0,5,1,1,0,5,1,3,2,0,e
Y529,2,0,3,1,5,1,0,0,7,1,1,2,2,e
Y530,5,3,2,1,5,1,0,0,7,1,1,2,2,e
Y531,5,3,3,1,5,1,0,0,5,1,1,2,2,e
Y532,2,3,4,0,2,1,0,1,0,1,0,2,1,p
Y533,5,0,3,1,5,1,0,0,7,1,1,2,2,e
Y534,5,2,9,1,3,1,0,0,5,0,2,2,2,e
Y535,5,3,4,1,0,1,0,0,7,0,4,2,3,e
Y536,5,3,9,1,3,1,0,0,10,0,2,2,2,e
Y537,2,3,2,0,7,1,0,1,0,1,0,2,1,p
Y538,2,0,9,0,2,1,0,0,3,0,1,1,1,p
Y539,2,0,9,0,2,1,0,0,3,0,1,1,1,p
Y540,5,2,8,1,2,1,0,0,10,1,1,0,0,p
Y541,2,3,4,1,5,1,0,0,10,1,1,2,2,e
Y542,2,3,9,0,2,1,0,0,7,0,1,1,1,p
Y543,5,3,4,1,5,1,0,0,5,1,1,2,2,e
Y544,5,2,8,1,2,1,0,0,10,1,1,0,2,p
Y545,2,3,3,1,5,1,0,0,5,1,1,2,2,e
Y546,2,3,4,0,2,1,0,1,0,1,0,2,1,p
Y547,5,3,4,0,7,1,0,1,0,1,0,1,2,p
Y548,5,3,3,0,2,1,0,0,3,0,1,1,1,p
Y549,3,3,4,0,7,1,0,1,0,1,0,2,1,p
Y550,2,3,4,1,0,1,0,0,7,0,4,2,3,e
Y551,5,0,5,0,1,1,1,1,5,0,1,2,2,p
Y552,5,3,3,1,5,1,0,0,10,1,1,2,2,e
Y553,5,3,8,1,3,1,0,0,5,0,2,2,2,e
Y554,2,2,8,1,3,1,1,1,7,1,1,2,2,e
Y555,5,2,4,0,5,1,1,0,3,1,3,0,2,e
Y556,5,0,8,0,5,1,1,0,7,0,0,1,1,e
Y557,2,0,3,0,2,1,0,0,3,0,1,1,1,p
Y558,5,3,4,1,5,1,0,0,9,1,1,2,2,e
Y559,5,2,3,0,5,1,1,0,5,1,3,0,2,e
Y560,5,3,2,1,5,1,0,0,10,1,1,2,2,e
Y561,5,0,3,0,5,1,1,0,7,1,3,0,0,e
Y562,5,3,8,1,3,1,0,0,5,0,2,2,2,e
Y563,5,3,2,0,7,1,0,1,0,1,0,1,1,p
Y564,5,2,3,0,5,1,1,0,3,1,3,2,2,e
Y565,2,2,4,0,7,1,0,1,0,1,0,2,2,p
Y566,2,3,3,0,2,1,0,0,3,0,1,1,1,p
Y567,2,0,3,0,5,1,1,0,7,1,3,2,2,e
Y568,5,2,9,1,3,1,0,0,2,0,2,2,2,e
Y569,5,2,3,0,1,1,1,1,5,0,1,2,2,p
Y570,2,2,2,0,8,1,0,1,0,1,0,2,1,p
Y571,3,3,4,0,8,1,0,1,0,1,0,1,1,p
Y572,5,3,9,0,2,1,0,0,7,0,1,1,1,p
Y573,5,2,4,0,8,1,0,1,0,1,0,2,1,p
Y574,3,2,2,0,7,1,0,1,0,1,0,2,2,p
Y575,5,2,4,0,8,1,0,1,0,1,0,1,1,p
Y576,5,3,2,1,5,1,0,0,9,1,1,2,2,e
Y577,5,2,8,1,3,1,0,0,10,0,2,2,2,e
Y578,0,0,8,0,5,1,1,0,7,0,0,1,1,e
Y579,5,2,4,0,5,1,1,0,7,1,3,2,2,e
Y580,5,0,3,0,5,1,1,0,7,1,3,0,0,e
Y581,5,2,3,0,1,1,1,1,5,0,1,2,2,p
Y582,5,2,8,1,6,1,0,1,7,0,3,2,2,p
Y583,2,2,2,0,8,1,0,1,0,1,0,1,2,p
Y584,5,3,3,0,2,1,0,0,2,0,1,1,1,p
Y585,5,3,9,0,2,1,0,0,3,0,1,1,1,p
Y586,5,2,2,0,8,1,0,1,0,1,0,1,2,p
Y587,2,3,4,1,5,1,0,0,9,1,1,2,2,e
Y588,5,2,3,0,5,1,1,0,4,1,3,0,2,e
Y589,5,2,2,0,7,1,0,1,0,1,0,1,1,p
Y590,4,0,3,0,5,1,0,1,4,0,3,2,2,e
Y591,3,2,3,0,5,1,1,0,7,0,0,1,2,e
Y592,5,2,4,0,7,1,0,1,0,1,0,1,2,p
Y593,5,3,4,0,7,1,0,1,0,1,0,2,1,p
Y594,5,0,3,0,5,1,1,0,5,1,3,0,2,e
Y595,2,0,2,1,5,1,0,0,9,1,1,2,2,e
Y596,5,3,3,1,5,1,0,0,7,1,1,2,2,e
Y597,3,2,2,0,7,1,0,1,0,1,0,1,1,p
Y598,2,3,9,0,2,1,0,0,2,0,1,1,1,p
Y599,5,0,3,0,2,1,0,0,2,0,1,1,1,p
Y600,5,0,3,1,5,1,0,0,10,1,1,2,2,e
Y601,2,0,8,0,5,1,1,0,4,1,3,2,2,e
Y602,2,3,9,1,0,1,0,0,5,0,4,2,3,e
Y603,5,3,3,1,5,1,0,0,9,1,1,2,2,e
Y604,5,0,2,1,5,1,0,0,7,1,1,2,2,e
Y605,2,3,3,1,5,1,0,0,7,1,1,2,2,e
Y606,2,3,2,0,2,1,0,1,0,1,0,2,1,p
Y607,5,3,9,0,2,1,0,0,7,0,1,1,1,p
Y608,5,2,3,0,5,1,1,0,5,1,3,0,2,e
Y609,5,2,4,1,6,1,0,1,10,0,3,2,2,p
Y610,2,0,4,1,5,1,0,0,7,1,1,2,2,e
Y611,5,2,3,1,2,1,0,0,10,1,1,2,2,p
Y612,5,3,2,1,5,1,0,0,9,1,1,2,2,e
Y613,5,0,3,1,5,1,0,0,9,1,1,2,2,e
Y614,5,2,2,0,7,1,0,1,0,1,0,1,2,p
Y615,5,2,8,0,5,1,1,0,3,1,3,0,0,e
Y616,5,0,2,1,5,1,0,0,10,1,1,2,2,e
Y617,2,2,4,0,8,1,0,1,0,1,0,2,2,p
Y618,5,3,3,0,2,1,0,0,2,0,1,1,1,p
Y619,2,2,8,1,2,1,0,0,10,1,1,2,0,p
Y620,2,0,2,1,5,1,0,0,9,1,1,2,2,e
Y621,5,2,4,0,5,1,1,0,5,1,3,2,2,e
Y622,2,3,5,1,5,1,0,0,10,0,1,2,2,p
Y623,5,0,3,0,5,1,1,0,7,1,3,2,0,e
Y624,5,2,2,0,2,1,0,1,0,1,0,1,2,p
Y625,2,3,0,1,5,1,0,0,10,0,1,2,2,p
Y626,2,2,4,0,7,1,0,1,0,1,0,1,1,p
Y627,5,0,5,0,1,1,0,1,9,0,1,2,2,p
Y628,2,0,3,0,5,1,1,0,5,1,3,2,0,e
Y629,5,0,3,0,2,1,0,0,3,0,1,1,1,p
Y630,0,3,8,1,3,1,0,0,4,0,2,2,2,e
Y631,5,0,8,0,5,1,1,0,3,1,3,0,0,e
Y632,5,2,3,0,1,1,1,1,7,0,1,2,2,p
Y633,5,0,4,1,5,1,0,0,10,1,1,2,2,e
Y634,2,3,2,0,8,1,0,1,0,1,0,1,1,p
Y635,2,0,3,0,2,1,0,0,3,0,1,1,1,p
Y636,2,2,4,0,2,1,0,1,0,1,0,2,1,p
Y637,5,2,9,1,0,1,0,0,10,0,2,2,2,e
Y638,5,3,2,1,5,1,0,0,9,1,1,2,2,e
Y639,5,0,3,1,5,1,0,0,10,1,1,2,2,e
Y640,0,2,3,0,5,1,1,0,10,0,0,2,2,e
Y641,5,0,9,0,2,1,0,0,7,0,1,1,1,p
Y642,5,3,4,1,5,1,0,0,1,0,0,2,2,e
Y643,2,0,2,1,5,1,0,0,9,1,1,2,2,e
Y644,2,3,8,1,6,1,0,1,5,0,3,2,2,p
Y645,3,3,2,0,2,1,0,1,0,1,0,1,2,p
Y646,5,3,4,1,5,1,0,0,10,1,1,2,2,e
Y647,5,2,2,0,7,1,0,1,0,1,0,2,1,p
Y648,0,3,9,1,3,1,0,0,2,0,2,2,2,e
Y649,2,3,4,0,8,1,0,1,0,1,0,1,2,p
Y650,3,2,4,0,2,1,0,1,0,1,0,1,2,p
Y651,5,3,9,0,2,1,0,0,3,0,1,1,1,p
Y652,5,2,9,1,0,1,0,0,2,0,2,2,2,e
Y653,5,3,2,1,5,1,0,0,5,1,1,2,2,e
Y654,2,3,9,0,2,1,0,0,3,0,1,1,1,p
Y655,2,3,4,0,8,1,0,1,0,1,0,2,2,p
Y656,2,3,4,1,5,1,0,0,5,1,1,2,2,e
Y657,5,0,8,0,5,1,1,0,4,1,3,2,0,e
Y658,2,3,2,1,5,1,0,0,7,1,1,2,2,e
Y659,5,2,3,0,1,1,1,1,9,0,1,2,2,p
Y660,5,0,4,1,5,1,0,0,10,1,1,2,2,e
Y661,2,0,3,0,2,1,0,0,7,0,1,1,1,p
Y662,3,3,0,1,5,1,0,0,10,0,0,2,2,e
Y663,5,0,2,1,5,1,0,0,5,1,1,2,2,e
Y664,2,2,3,1,2,1,0,0,3,1,1,2,0,p
Y665,5,0,2,1,5,1,0,0,9,1,1,2,2,e
Y666,5,0,9,0,2,1,0,0,7,0,1,1,1,p
Y667,2,3,0,1,5,1,0,0,10,0,1,2,2,p
Y668,5,3,2,0,8,1,0,1,0,1,0,2,1,p
Y669,5,0,2,1,5,1,0,0,10,1,1,2,2,e
Y670,4,0,4,0,5,1,0,1,2,0,3,2,2,e
Y671,2,0,3,1,5,1,0,0,7,1,1,2,2,e
Y672,2,3,3,0,2,1,0,0,7,0,1,1,1,p
Y673,5,2,8,0,5,1,1,0,5,1,3,0,2,e
Y674,2,3,4,1,5,1,0,0,10,0,0,2,2,e
Y675,5,2,8,1,0,1,0,0,5,0,2,2,2,e
Y676,2,3,3,0,2,1,0,0,7,0,1,1,1,p
Y677,2,2,2,0,8,1,0,1,0,1,0,1,1,p
Y678,5,0,9,0,2,1,0,0,2,0,1,1,1,p
Y679,2,0,4,0,5,1,1,0,4,1,3,2,0,e
Y680,5,3,3,1,5,1,0,0,9,1,1,2,2,e
Y681,5,2,4,0,8,1,0,1,0,1,0,2,1,p
Y682,5,2,2,0,8,1,0,1,0,1,0,2,1,p
Y683,5,0,3,0,2,1,0,0,7,0,1,1,1,p
Y684,2,2,0,1,2,1,0,0,10,1,1,0,0,p
Y685,5,0,9,0,2,1,0,0,3,0,1,1,1,p
Y686,2,2,9,1,3,1,1,1,7,1,1,2,2,e
Y687,2,2,0,1,2,1,0,0,10,1,1,0,2,p
Y688,5,3,8,1,0,1,0,0,2,0,2,2,2,e
Y689,2,3,4,1,5,1,0,0,9,1,1,2,2,e
Y690,2,0,3,1,5,1,0,0,10,1,1,2,2,e
Y691,2,0,4,1,5,1,0,0,10,1,1,2,2,e
Y692,2,3,3,0,2,1,0,0,7,0,1,1,1,p
Y693,5,0,2,1,5,1,0,0,5,1,1,2,2,e
Y694,2,3,3,0,2,1,0,0,7,0,1,1,1,p
Y695,5,2,2,0,2,1,0,1,0,1,0,2,2,p
Y696,5,3,5,1,5,1,0,0,1,0,0,2,2,e
Y697,5,0,3,0,2,1,0,0,2,0,1,1,1,p
Y698,0,2,8,0,5,1,1,0,10,0,0,2,1,e
Y699,2,3,9,1,0,1,0,0,10,0,4,2,3,e
Y700,5,2,8,1,3,1,0,0,5,0,2,2,2,e
Y701,5,2,4,0,5,1,1,0,7,1,3,0,0,e
Y702,5,3,4,1,5,1,0,0,10,1,1,2,2,e
Y703,5,0,4,1,5,1,0,0,5,1,1,2,2,e
Y704,5,2,9,1,3,1,1,1,7,1,1,2,2,e
Y705,5,3,3,1,5,1,0,0,5,1,1,2,2,e
Y706,2,2,0,1,2,1,0,0,7,1,1,0,0,p
Y707,5,3,4,1,3,1,0,0,10,0,4,2,3,e
Y708,5,0,3,1,5,1,0,0,7,1,1,2,2,e
Y709,2,3,2,0,2,1,0,1,0,1,0,2,2,p
Y710,5,2,3,0,5,1,1,0,3,1,3,2,2,e
Y711,2,0,3,0,2,1,0,0,7,0,1,1,1,p
Y712,5,0,3,0,5,1,1,0,7,1,3,2,2,e
Y713,2,2,8,1,2,1,0,0,7,1,1,0,2,p
Y714,5,0,3,0,5,1,1,0,3,1,3,2,0,e
Y715,5,3,3,1,5,1,0,0,7,1,1,2,2,e
Y716,5,3,9,0,2,1,0,0,2,0,1,1,1,p
Y717,2,0,8,0,5,1,1,0,7,1,3,2,2,e
Y718,2,3,9,0,2,1,0,0,3,0,1,1,1,p
Y719,3,2,4,0,8,1,0,1,0,1,0,1,2,p
Y720,5,0,3,0,1,1,0,1,5,0,1,2,2,p
Y721,3,3,1,0,5,1,1,1,10,0,1,2,0,e
Y722,5,2,4,0,2,1,0,1,0,1,0,2,1,p
Y723,5,3,3,1,5,1,0,0,10,1,1,2,2,e
Y724,2,3,4,1,5,1,0,0,7,1,1,2,2,e
Y725,3,3,4,0,2,1,0,1,0,1,0,1,1,p
Y726,2,3,9,0,2,1,0,0,3,0,1,1,1,p
Y727,2,3,2,0,8,1,0,1,0,1,0,1,1,p
Y728,5,0,4,1,5,1,0,0,10,1,1,2,2,e
Y729,5,2,9,1,0,1,1,1,5,1,1,2,2,e
Y730,5,0,9,0,2,1,0,0,2,0,1,1,1,p
Y731,3,3,4,0,2,1,0,1,0,1,0,2,2,p
Y732,2,0,3,0,5,1,1,0,5,1,3,2,0,e
Y733,5,2,9,1,3,1,0,0,2,0,2,2,2,e
Y734,5,0,9,0,2,1,0,0,2,0,1,1,1,p
Y735,0,3,9,0,5,1,0,1,10,0,0,1,3,p
Y736,2,3,2,1,5,1,0,0,9,1,1,2,2,e
Y737,2,3,9,0,2,1,0,0,3,0,1,1,1,p
Y738,5,0,4,1,5,1,0,0,10,1,1,2,2,e
Y739,2,3,2,0,2,1,0,1,0,1,0,2,1,p
Y740,2,0,8,0,5,1,1,0,5,1,3,0,0,e
Y741,2,3,4,0,8,1,0,1,0,1,0,1,2,p
Y742,5,3,8,1,6,1,0,1,7,0,3,2,2,p
Y743,3,0,8,0,5,1,1,0,10,0,0,1,1,e
Y744,5,3,8,1,3,1,0,0,2,0,2,2,2,e
Y745,5,2,0,1,2,1,0,0,7,1,1,2,2,p
Y746,5,3,4,0,8,1,0,1,0,1,0,1,1,p
Y747,2,3,8,1,5,1,1,1,10,0,1,2,2,p
Y748,5,0,3,0,1,1,1,1,9,0,1,2,2,p
Y749,5,0,3,1,5,1,0,0,9,1,1,2,2,e
Y750,5,3,3,0,2,1,0,0,3,0,1,1,1,p
Y751,5,0,8,0,1,1,1,1,7,0,1,2,2,p
Y752,5,0,2,1,5,1,0,0,5,1,1,2,2,e
Y753,0,2,9,1,3,1,0,0,5,0,2,2,2,e
Y754,5,3,4,0,2,1,0,1,0,1,0,2,1,p
Y755,2,0,8,1,3,1,1,1,5,1,1,2,2,e
Y756,5,0,9,0,2,1,0,0,7,0,1,1,1,p
Y757,2,3,3,1,5,1,0,0,5,1,1,2,2,e
Y758,0,2,9,1,0,1,0,0,2,0,2,2,2,e
Y759,5,3,9,1,3,1,0,0,7,0,4,2,3,e
Y760,3,3,2,0,8,1,0,1,0,1,0,2,2,p
Y761,5,3,4,1,5,1,0,0,7,1,1,2,2,e
Y762,2,0,3,0,5,1,1,0,7,1,3,2,0,e
Y763,5,0,8,0,5,1,1,0,4,1,3,2,2,e
Y764,2,3,2,1,5,1,0,0,1,0,0,2,2,e
Y765,2,3,5,1,5,1,0,0,8,0,1,2,2,p
Y766,3,3,4,0,7,1,0,1,0,1,0,2,1,p
Y767,2,2,8,1,5,1,0,0,8,0,1,2,2,p
Y768,5,0,2,1,5,1,0,0,10,1,1,2,2,e
Y769,3,3,2,0,2,1,0,1,0,1,0,1,1,p
Y770,5,3,2,1,5,1,0,0,5,1,1,2,2,e
Y771,2,2,4,0,8,1,0,1,0,1,0,1,2,p
Y772,2,0,3,0,5,1,1,0,7,1,3,2,2,e
Y773,2,3,4,0,8,1,0,1,0,1,0,1,2,p
Y774,3,2,4,0,8,1,0,1,0,1,0,1,1,p
Y775,0,2,9,1,3,1,0,0,2,0,2,2,2,e
Y776,2,3,4,0,2,1,0,1,0,1,0,1,1,p
Y777,2,0,2,1,5,1,0,0,10,1,1,2,2,e
Y778,5,3,4,1,6,1,0,1,7,0,3,2,2,p
Y779,5,3,9,1,0,1,0,0,5,0,4,2,3,e
Y780,2,3,3,1,5,1,0,0,5,1,1,2,2,e
Y781,2,0,9,0,2,1,0,0,7,0,1,1,1,p
Y782,3,0,3,0,5,1,1,0,10,0,0,1,2,e
Y783,2,0,3,0,2,1,0,0,2,0,1,1,1,p
Y784,2,3,9,1,3,1,0,0,10,0,4,2,3,e
Y785,3,2,4,0,7,1,0,1,0,1,0,1,1,p
Y786,5,3,9,0,2,1,0,0,7,0,1,1,1,p
Y787,2,0,8,0,5,1,1,0,5,1,3,2,2,e
Y788,5,0,2,1,5,1,0,0,10,1,1,2,2,e
Y789,5,3,2,1,5,1,0,0,9,1,1,2,2,e
Y790,5,0,3,0,5,1,0,1,2,0,3,2,2,e
Y791,5,2,2,0,7,1,0,1,0,1,0,2,1,p
Y792,5,3,8,1,6,1,0,1,10,0,3,2,2,p
Y793,3,3,4,0,7,1,0,1,0,1,0,1,2,p
Y794,5,3,3,0,2,1,0,0,2,0,1,1,1,p
Y795,2,0,8,0,5,1,1,0,5,1,3,0,0,e
Y796,0,0,8,0,5,1,1,0,10,0,0,1,1,e
Y797,5,3,4,1,5,1,0,0,7,1,1,2,2,e
Y798,2,2,4,0,2,1,0,1,0,1,0,2,1,p
Y799,5,2,8,0,5,1,1,0,10,0,0,1,2,e
Y800,2,2,4,0,7,1,0,1,0,1,0,1,1,p
Y801,3,2,4,0,5,0,0,0,5,0,0,2,2,e
Y802,5,2,4,0,5,1,1,0,4,1,3,2,0,e
Y803,2,0,4,1,5,1,0,0,5,1,1,2,2,e
Y804,2,3,2,1,5,1,0,0,5,1,1,2,2,e
Y805,5,2,4,0,7,1,0,1,0,1,0,1,1,p
Y806,5,3,9,1,0,1,0,0,7,0,4,2,3,e
Y807,5,3,9,1,0,1,0,0,7,0,4,2,3,e
Y808,2,0,4,1,5,1,0,0,7,1,1,2,2,e
Y809,0,2,8,1,0,1,0,0,2,0,2,2,2,e
Y810,5,0,4,0,5,1,1,0,4,1,3,2,2,e
Y811,5,0,3,0,2,1,0,0,3,0,1,1,1,p
Y812,5,3,4,1,3,1,0,0,10,0,4,2,3,e
Y813,5,0,3,1,5,1,0,0,7,1,1,2,2,e
Y814,5,2,0,1,2,1,0,0,3,1,1,2,0,p
Y815,5,0,3,1,5,1,0,0,7,1,1,2,2,e
Y816,5,0,3,0,2,1,0,0,7,0,1,1,1,p
Y817,5,3,9,1,0,1,0,0,4,0,2,2,2,e
Y818,5,3,4,0,8,1,0,1,0,1,0,1,1,p
Y819,5,2,8,0,5,1,1,0,5,1,3,2,0,e
Y820,5,3,9,0,2,1,0,0,7,0,1,1,1,p
Y821,2,2,3,1,2,1,0,0,10,1,1,2,2,p
Y822,5,2,8,0,5,1,1,0,4,1,3,2,0,e
Y823,5,2,4,0,2,1,0,1,0,1,0,1,2,p
Y824,2,3,3,0,2,1,0,0,3,0,1,1,1,p
Y825,5,0,3,0,5,1,1,0,7,0,0,2,2,e
Y826,3,2,4,0,7,1,0,1,0,1,0,1,1,p
Y827,0,2,0,1,5,1,0,0,2,0,1,2,2,p
Y828,5,0,3,0,2,1,0,0,3,0,1,1,1,p
Y829,5,2,8,1,6,1,0,1,10,0,3,2,2,p
Y830,5,3,3,0,2,1,0,0,2,0,1,1,1,p
Y831,2,3,2,1,5,1,0,0,9,1,1,2,2,e
Y832,2,3,9,1,0,1,0,0,7,0,4,2,3,e
Y833,3,3,2,0,2,1,0,1,0,1,0,2,2,p
Y834,2,2,2,0,2,1,0,1,0,1,0,2,2,p
Y835,5,3,4,1,6,1,0,1,5,0,3,2,2,p
Y836,5,3,2,0,8,1,0,1,0,1,0,1,2,p
Y837,2,2,8,1,6,1,0,1,7,0,3,2,2,p
Y838,2,2,4,0,5,1,1,0,7,1,3,2,0,e
Y839,5,2,4,0,8,1,0,1,0,1,0,1,1,p
Y840,2,2,5,1,5,1,0,0,10,0,1,2,2,e
Y841,2,2,3,0,5,1,1,0,7,1,3,0,0,e
Y842,2,3,4,0,2,1,0,1,0,1,0,2,2,p
Y843,0,2,3,0,5,1,1,0,7,0,0,1,1,e
Y844,5,3,2,1,5,1,0,0,10,0,0,2,2,e
Y845,2,3,4,1,5,1,0,0,5,1,1,2,2,e
Y846,2,0,4,0,5,1,1,1,10,0,1,0,0,e
Y847,5,3,3,0,2,1,0,0,3,0,1,1,1,p
Y848,5,2,9,1,3,1,0,0,2,0,2,2,2,e
Y849,5,3,2,0,7,1,0,1,0,1,0,2,2,p
Y850,2,0,3,1,5,1,0,0,10,1,1,2,2,e
Y851,0,0,3,0,5,1,1,0,2,0,0,1,2,e
Y852,5,2,8,0,5,1,1,0,4,1,3,0,0,e
Y853,5,3,3,1,5,1,0,0,5,1,1,2,2,e
Y854,5,3,4,0,2,1,0,1,0,1,0,1,2,p
Y855,0,2,8,1,0,1,0,0,4,0,2,2,2,e
Y856,5,3,8,1,6,1,0,1,10,0,3,2,2,p
Y857,2,0,2,1,5,1,0,0,7,1,1,2,2,e
Y858,5,2,5,1,5,1,0,0,10,0,1,2,2,e
Y859,2,0,2,1,5,1,0,0,10,1,1,2,2,e
Y860,5,3,9,0,2,1,0,0,7,0,1,1,1,p
Y861,2,3,3,1,5,1,0,0,10,1,1,2,2,e
Y862,5,3,8,1,0,1,0,0,5,0,2,2,2,e
Y863,5,0,3,0,1,1,0,1,7,0,1,2,2,p
Y864,5,0,9,0,2,1,0,0,7,0,1,1,1,p
Y865,3,2,3,0,5,1,1,0,10,0,0,2,1,e
Y866,3,2,4,0,7,1,0,1,0,1,0,1,1,p
Y867,3,3,4,0,7,1,0,1,0,1,0,1,2,p
Y868,0,3,4,0,5,1,0,1,10,0,0,1,3,p
Y869,2,3,4,1,5,1,0,0,5,1,1,2,2,e
Y870,5,3,3,1,5,1,0,0,7,1,1,2,2,e
Y871,0,2,4,0,5,0,0,0,5,0,0,2,2,e
Y872,2,0,2,1,5,1,0,0,9,1,1,2,2,e
Y873,3,0,3,0,5,1,1,0,2,0,0,2,2,e
Y874,5,3,4,1,3,1,0,0,5,0,4,2,3,e
Y875,2,3,9,0,2,1,0,0,3,0,1,1,1,p
Y876,5,3,4,0,7,1,0,1,0,1,0,2,1,p
Y877,5,0,8,0,1,1,1,1,9,0,1,2,2,p
Y878,5,3,4,1,5,1,0,0,1,0,0,2,2,e
Y879,5,3,3,0,2,1,0,0,3,0,1,1,1,p
Y880,2,3,4,0,7,1,0,1,0,1,0,1,2,p
Y881,5,0,3,1,5,1,0,0,10,1,1,2,2,e
Y882,5,0,3,0,2,1,0,0,3,0,1,1,1,p
Y883,2,3,7,0,5,1,0,1,3,0,0,2,0,e
Y884,5,3,6,0,5,1,0,1,7,0,0,2,0,e
Y885,3,0,3,0,5,1,1,0,7,0,0,2,2,e
Y886,2,0,9,0,2,1,0,0,2,0,1,1,1,p
Y887,5,0,3,0,1,1,0,1,2,0,1,2,2,p
Y888,2,2,8,0,5,1,1,0,7,1,3,0,0,e
Y889,3,3,2,0,8,1,0,1,0,1,0,1,2,p
Y890,5,0,8,0,5,1,1,0,2,0,0,1,2,e
Y891,3,2,2,0,2,1,0,1,0,1,0,2,2,p
Y892,2,0,9,0,2,1,0,0,3,0,1,1,1,p
Y893,5,0,2,1,5,1,0,0,7,1,1,2,2,e
Y894,2,2,4,0,5,0,0,0,5,0,0,2,2,e
Y895,5,0,5,0,1,1,1,1,2,0,1,2,2,p
Y896,0,2,8,1,0,1,0,0,5,0,2,2,2,e
Y897,5,3,4,0,5,1,1,1,10,0,1,0,0,e
Y898,2,3,4,1,5,1,0,0,7,1,1,2,2,e
Y899,2,0,3,0,5,1,1,0,3,1,3,2,2,e
Y900,2,2,1,1,5,1,0,0,10,0,1,2,2,e
Y901,2,0,2,1,5,1,0,0,9,1,1,2,2,e
Y902,3,0,4,0,5,1,0,1,10,0,0,1,3,p
Y903,3,3,2,0,8,1,0,1,0,1,0,2,2,p
Y904,2,3,9,0,2,1,0,0,2,0,1,1,1,p
Y905,5,0,3,0,2,1,0,0,2,0,1,1,1,p
Y906,5,0,3,1,5,1,0,0,7,1,1,2,2,e
Y907,5,3,3,1,5,1,0,0,10,1,1,2,2,e
Y908,2,2,4,0,5,0,0,0,11,0,0,2,2,e
Y909,2,3,4,1,5,1,0,0,10,1,1,2,2,e
Y910,2,2,0,1,2,1,0,0,7,1,1,0,0,p
Y911,5,3,9,0,2,1,0,0,7,0,1,1,1,p
Y912,5,0,9,0,2,1,0,0,7,0,1,1,1,p
Y913,5,3,9,0,2,1,0,0,3,0,1,1,1,p
Y914,2,3,9,1,0,1,0,0,10,0,4,2,3,e
Y915,2,0,4,1,5,1,0,0,9,1,1,2,2,e
Y916,5,3,7,0,5,1,0,1,10,0,0,2,0,e
Y917,5,2,5,0,1,1,0,1,7,0,1,2,2,p
Y918,5,3,4,1,5,1,0,0,10,1,1,2,2,e
Y919,5,2,4,0,7,1,0,1,0,1,0,2,2,p
Y920,5,3,4,0,7,1,0,1,0,1,0,2,2,p
Y921,2,0,9,0,2,1,0,0,2,0,1,1,1,p
Y922,2,3,3,0,2,1,0,0,7,0,1,1,1,p
Y923,2,3,2,0,2,1,0,1,0,1,0,1,2,p
Y924,5,2,2,0,2,1,0,1,0,1,0,2,2,p
Y925,3,3,2,0,2,1,0,1,0,1,0,2,2,p
Y926,5,3,4,1,5,1,0,0,9,1,1,2,2,e
Y927,2,2,3,1,2,1,0,0,7,1,1,2,2,p
Y928,0,3,9,1,3,1,0,0,2,0,2,2,2,e
Y929,5,3,2,0,2,1,0,1,0,1,0,2,1,p
Y930,2,2,4,0,8,1,0,1,0,1,0,1,1,p
Y931,5,3,4,0,8,1,0,1,0,1,0,1,2,p
Y932,3,2,4,0,8,1,0,1,0,1,0,2,1,p
Y933,5,2,0,1,2,1,0,0,3,1,1,2,2,p
Y934,2,2,2,0,7,1,0,1,0,1,0,1,2,p
Y935,5,3,9,0,2,1,0,0,2,0,1,1,1,p
Y936,2,0,4,1,5,1,0,0,5,1,1,2,2,e
Y937,5,0,4,0,5,1,0,1,5,0,3,2,2,e
Y938,2,2,2,0,8,1,0,1,0,1,0,2,2,p
Y939,2,0,3,0,2,1,0,0,7,0,1,1,1,p
Y940,5,3,4,0,7,1,0,1,0,1,0,1,1,p
Y941,5,0,5,0,1,1,1,1,7,0,1,2,2,p
Y942,5,3,3,1,5,1,0,0,5,1,1,2,2,e
Y943,2,3,3,0,2,1,0,0,2,0,1,1,1,p
Y944,3,2,2,0,7,1,0,1,0,1,0,1,1,p
Y945,3,3,2,0,7,1,0,1,0,1,0,2,2,p
Y946,2,3,2,1,5,1,0,0,10,1,1,2,2,e
Y947,0,3,8,1,3,1,0,0,10,0,2,2,2,e
Y948,5,0,8,0,1,1,0,1,5,0,1,2,2,p
Y949,5,3,4,0,4,1,0,0,10,0,2,1,3,p
Y950,2,2,4,0,2,1,0,1,0,1,0,2,2,p
Y951,5,3,8,1,3,1,0,0,5,0,2,2,2,e
Y952,5,3,3,0,2,1,0,0,2,0,1,1,1,p
Y953,2,2,4,0,2,1,0,1,0,1,0,2,1,p
Y954,2,0,9,0,2,1,0,0,3,0,1,1,1,p
Y955,5,3,4,1,5,1,0,0,9,1,1,2,2,e
Y956,3,2,8,0,5,1,1,0,10,0,0,1,2,e
Y957,3,3,2,0,7,1,0,1,0,1,0,1,1,p
Y958,2,2,2,0,7,1,0,1,0,1,0,1,2,p
Y959,5,0,9,0,2,1,0,0,3,0,1,1,1,p
Y960,0,0,8,0,5,1,1,0,10,0,0,2,1,e
Y961,2,3,9,0,2,1,0,0,3,0,1,1,1,p
Y962,5,2,4,1,5,1,0,0,10,0,0,2,2,e
Y963,2,3,9,0,2,1,0,0,2,0,1,1,1,p
Y964,5,3,4,1,5,1,0,0,7,1,1,2,2,e
Y965,3,2,3,0,5,1,1,0,2,0,0,2,2,e
Y966,5,2,2,0,7,1,0,1,0,1,0,1,1,p
Y967,3,3,1,0,5,1,1,1,10,0,1,0,0,e
Y968,2,2,8,1,2,1,0,0,3,1,1,0,2,p
Y969,5,0,3,0,1,1,1,1,5,0,1,2,2,p
Y970,3,2,2,0,2,1,0,1,0,1,0,2,2,p
Y971,5,3,2,1,5,1,0,0,9,1,1,2,2,e
Y972,5,3,3,0,2,1,0,0,3,0,1,1,1,p
Y973,5,0,8,0,5,1,1,0,7,1,3,0,0,e
Y974,2,3,2,0,4,0,0,0,11,0,2,1,3,p
Y975,5,0,9,0,2,1,0,0,7,0,1,1,1,p
Y976,2,2,3,0,5,1,1,0,3,1,3,2,2,e
Y977,2,3,3,1,5,1,0,0,9,1,1,2,2,e
Y978,2,3,1,0,4,0,0,0,10,0,2,1,3,p
Y979,5,2,3,1,2,1,0,0,7,1,1,0,0,p
Y980,2,2,4,0,2,1,0,1,0,1,0,1,2,p
Y981,3,3,4,0,2,1,0,1,0,1,0,1,2,p
Y982,5,2,4,0,5,1,1,0,7,1,3,0,2,e
Y983,5,2,8,1,0,1,0,0,4,0,2,2,2,e
Y984,2,2,3,0,5,1,1,0,3,1,3,2,2,e
Y985,5,2,2,1,5,1,0,0,1,0,0,2,2,e
Y986,2,3,8,0,5,1,0,1,9,0,0,2,0,e
Y987,2,2,4,0,5,0,0,0,11,0,0,2,2,e
Y988,5,3,9,0,2,1,0,0,3,0,1,1,1,p
Y989,2,2,4,1,5,1,0,0,1,0,0,2,2,e
Y990,2,2,3,0,5,1,1,0,7,1,3,2,0,e
Y991,5,3,3,1,5,1,0,0,9,1,1,2,2,e
Y992,5,2,9,1,0,1,0,0,2,0,2,2,2,e
Y993,2,3,4,1,5,1,0,0,7,1,1,2,2,e
Y994,2,0,3,1,5,1,0,0,10,1,1,2,2,e
Y995,5,3,3,0,2,1,0,0,7,0,1,1,1,p
Y996,5,3,4,1,5,1,0,0,9,1,1,2,2,e
Y997,5,3,8,1,0,1,0,0,10,0,2,2,2,e
Y998,5,0,4,1,5,1,0,0,5,1,1,2,2,e
Y999,2,2,8,1,2,1,0,0,7,1,1,0,2,p
Y1000,5,2,3,0,5,1,1,0,2,0,0,1,2,e
